t,exact,h=1,h=0.5,h=0.25,h=0.125,h=0.0625,h=0.03125
0.0,0.5,0.5,0.5,0.5,0.5,0.5,0.5
0.0005002501250625312,0.49511723389644646,,,,,,
0.0010005002501250625,0.4915359399989501,,,,,,
0.0015007503751875936,0.48833902829471126,,,,,,
0.002001000500250125,0.48537537730440544,,,,,,
0.0025012506253126563,0.4825781926645753,,,,,,
0.003001500750375187,0.4799099447261618,,,,,,
0.0035017508754377185,0.477346687100597,,,,,,
0.00400200100050025,0.47487186216444865,,,,,,
0.004502251125562781,0.47247336484348174,,,,,,
0.0050025012506253125,0.47014197413965253,,,,,,
0.005502751375687844,0.4678704406256283,,,,,,
0.006003001500750374,0.4656529202777832,,,,,,
0.006503251625812906,0.46348460503223293,,,,,,
0.007003501750875437,0.4613614717116657,,,,,,
0.007503751875937968,0.4592801055855641,,,,,,
0.0080040020010005,0.45723757284494393,,,,,,
0.00850425212606303,0.4552313261989884,,,,,,
0.009004502251125562,0.45325913353429764,,,,,,
0.009504752376188093,0.4513190230248331,,,,,,
0.010005002501250625,0.44940924022639983,,,,,,
0.010505252626313155,0.44752821406593496,,,,,,
0.011005502751375688,0.4456745295424457,,,,,,
0.011505752876438218,0.4438469055677132,,,,,,
0.012006003001500749,0.4420441767957387,,,,,,
0.01250625312656328,0.44026527858517256,,,,,,
0.013006503251625811,0.4385092344496561,,,,,,
0.013506753376688344,0.4367751455036726,,,,,,
0.014007003501750874,0.43506218152370474,,,,,,
0.014507253626813406,0.433369573328013,,,,,,
0.015007503751875937,0.4316966062412634,,,,,,
0.015507753876938469,0.4300426144581391,,,,,,
0.016008004002001,0.4284069761569277,,,,,,
0.01650825412706353,0.42678910924268987,,,,,,
0.01700850425212606,0.4251884676220384,,,,,,
0.017508754377188594,0.4236045379292478,,,,,,
0.018009004502251125,0.42203683663751523,,,,,,
0.018509254627313655,0.4204849075004699,,,,,,
0.019009504752376186,0.41894831927814985,,,,,,
0.01950975487743872,0.41742666370905174,,,,,,
0.02001000500250125,0.41591955369590505,,,,,,
0.02051025512756378,0.4144266216777863,,,,,,
0.02101050525262631,0.4129475181652817,,,,,,
0.02151075537768884,0.41148191041881327,,,,,,
0.022011005502751375,0.4100294812530766,,,,,,
0.022511255627813906,0.40858992795291427,,,,,,
0.023011505752876436,0.4071629612879515,,,,,,
0.023511755877938967,0.4057483046150054,,,,,,
0.024012006003001497,0.40434569305871565,,,,,,
0.02451225612806403,0.40295487276205966,,,,,,
0.02501250625312656,0.4015756001994617,,,,,,
0.025512756378189092,0.4002076415460969,,,,,,
0.026013006503251623,0.3988507720977555,,,,,,
0.026513256628314157,0.3975047757363075,,,,,,
0.027013506753376687,0.39616944443636315,,,,,,
0.027513756878439218,0.39484457780924254,,,,,,
0.028014007003501748,0.39352998268078665,,,,,,
0.02851425712856428,0.3922254726999262,,,,,,
0.029014507253626812,0.3909308679752574,,,,,,
0.029514757378689343,0.3896459947371585,,,,,,
0.030015007503751873,0.3883706850232416,,,,,,
0.030515257628814404,0.3871047763851569,,,,,,
0.031015507753876938,0.385848111614963,,,,,,
0.03125,,,,,,,0.4071299536846669
0.03151575787893947,0.3846005384894604,,,,,,
0.032016008004002,0.3833619095310283,,,,,,
0.03251625812906453,0.38213208178365854,,,,,,
0.03301650825412706,0.3809109166029925,,,,,,
0.03351675837918959,0.37969827945928153,,,,,,
0.03401700850425212,0.3784940397522892,,,,,,
0.03451725862931466,0.3772980706372447,,,,,,
0.03501750875437719,0.37611024886102734,,,,,,
0.03551775887943972,0.37493045460784513,,,,,,
0.03601800900450225,0.37375857135372315,,,,,,
0.03651825912956478,0.3725944857291814,,,,,,
0.03701850925462731,0.37143808738953354,,,,,,
0.03751875937968984,0.3702892688922814,,,,,,
0.03801900950475237,0.3691479255811252,,,,,,
0.0385192596298149,0.3680139554761488,,,,,,
0.03901950975487744,0.36688725916977194,,,,,,
0.03951975987993997,0.3657677397280942,,,,,,
0.0400200100050025,0.36465530259728457,,,,,,
0.04052026013006503,0.36354985551469854,,,,,,
0.04102051025512756,0.3624513084244231,,,,,,
0.04152076038019009,0.3613595733969796,,,,,,
0.04202101050525262,0.360274564552929,,,,,,
0.04252126063031515,0.3591961979901436,,,,,,
0.04302151075537768,0.3581243917145279,,,,,,
0.04352176088044022,0.3570590655739859,,,,,,
0.04402201100550275,0.35600014119544315,,,,,,
0.04452226113056528,0.3549475419247524,,,,,,
0.04502251125562781,0.35390119276931387,,,,,,
0.04552276138069034,0.35286102034326217,,,,,,
0.04602301150575287,0.351826952815074,,,,,,
0.0465232616308154,0.3507989198574648,,,,,,
0.047023511755877934,0.34977685259945085,,,,,,
0.047523761880940464,0.34876068358045803,,,,,,
0.048024012006002995,0.34775034670637184,,,,,,
0.04852426213106553,0.3467457772074216,,,,,,
0.04902451225612806,0.3457469115978101,,,,,,
0.04952476238119059,0.34475368763699205,,,,,,
0.05002501250625312,0.3437660442925213,,,,,,
0.050525262631315654,0.34278392170438665,,,,,,
0.051025512756378184,0.3418072611507624,,,,,,
0.051525762881440715,0.3408360050151023,,,,,,
0.052026013006503245,0.3398700967545127,,,,,,
0.052526263131565776,0.33890948086934114,,,,,,
0.05302651325662831,0.33795410287392585,,,,,,
0.053526763381690844,0.3370039092684447,,,,,,
0.054027013506753374,0.3360588475118182,,,,,,
0.054527263631815905,0.3351188659956135,,,,,,
0.055027513756878435,0.33418391401890507,,,,,,
0.055527763881940966,0.3332539417640462,,,,,,
0.056028014007003496,0.33232890027331297,,,,,,
0.056528264132066026,0.33140874142637883,,,,,,
0.05702851425712856,0.33049341791858466,,,,,,
0.057528764382191094,0.32958288323996787,,,,,,
0.058029014507253625,0.3286770916550188,,,,,,
0.058529264632316155,0.32777599818313036,,,,,,
0.059029514757378686,0.32687955857971573,,,,,,
0.059529764882441216,0.3259877293179602,,,,,,
0.06003001500750375,0.32510046757118427,,,,,,
0.06053026513256628,0.32421773119579145,,,,,,
0.06103051525762881,0.3233394787147748,,,,,,
0.06153076538269134,0.32246566930176307,,,,,,
0.062031015507753876,0.32159626276558,,,,,,
0.0625,,,,,,0.3545747973318905,0.3426061875924592
0.0625312656328164,0.32073121953529865,,,,,,
0.06303151575787894,0.3198705006457709,,,,,,
0.06353176588294146,0.31901406772361185,,,,,,
0.064032016008004,0.31816188297362336,,,,,,
0.06453226613306653,0.3173139091656359,,,,,,
0.06503251625812906,0.3164701096217569,,,,,,
0.0655327663831916,0.3156304482040065,,,,,,
0.06603301650825412,0.31479488930232813,,,,,,
0.06653326663331666,0.31396339782295746,,,,,,
0.06703351675837918,0.31313593917713867,,,,,,
0.06753376688344172,0.31231247927017347,,,,,,
0.06803401700850424,0.3114929844907908,,,,,,
0.06853426713356678,0.3106774217008264,,,,,,
0.06903451725862932,0.309865758225199,,,,,,
0.06953476738369184,0.3090579618421743,,,,,,
0.07003501750875438,0.30825400077390563,,,,,,
0.0705352676338169,0.3074538436772414,,,,,,
0.07103551775887944,0.3066574596347894,,,,,,
0.07153576788394196,0.3058648181462303,,,,,,
0.0720360180090045,0.30507588911987,,,,,,
0.07253626813406702,0.30429064286442375,,,,,,
0.07303651825912956,0.3035090500810238,,,,,,
0.0735367683841921,0.30273108185544223,,,,,,
0.07403701850925462,0.30195670965052296,,,,,,
0.07453726863431716,0.3011859052988142,,,,,,
0.07503751875937968,0.3004186409953969,,,,,,
0.07553776888444222,0.29965488929090006,,,,,,
0.07603801900950474,0.29889462308469883,,,,,,
0.07653826913456728,0.29813781561828856,,,,,,
0.0770385192596298,0.29738444046882884,,,,,,
0.07753876938469234,0.29663447154285283,,,,,,
0.07803901950975488,0.2958878830701356,,,,,,
0.0785392696348174,0.2951446495977168,,,,,,
0.07903951975987994,0.2944047459840736,,,,,,
0.07953976988494246,0.2936681473934383,,,,,,
0.080040020010005,0.29293482929025455,,,,,,
0.08054027013506752,0.29220476743377255,,,,,,
0.08104052026013006,0.29147793787277276,,,,,,
0.08154077038519258,0.2907543169404202,,,,,,
0.08204102051025512,0.29003388124923984,,,,,,
0.08254127063531766,0.2893166076862144,,,,,,
0.08304152076038018,0.28860247340799716,,,,,,
0.08354177088544272,0.2878914558362376,,,,,,
0.08404202101050524,0.2871835326530181,,,,,,
0.08454227113556778,0.28647868179639546,,,,,,
0.0850425212606303,0.285776881456046,,,,,,
0.08554277138569284,0.2850781100690115,,,,,,
0.08604302151075537,0.2843823463155423,,,,,,
0.0865432716358179,0.28368956911503346,,,,,,
0.08704352176088044,0.2829997576220553,,,,,,
0.08754377188594296,0.28231289122247105,,,,,,
0.0880440220110055,0.2816289495296419,,,,,,
0.08854427213606803,0.2809479123807165,,,,,,
0.08904452226113056,0.28026975983300123,,,,,,
0.08954477238619309,0.279594472160412,,,,,,
0.09004502251125562,0.2789220298500015,,,,,,
0.09054527263631815,0.27825241359856245,,,,,,
0.09104552276138068,0.27758560430930485,,,,,,
0.09154577288644322,0.2769215830886029,,,,,,
0.09204602301150575,0.2762603312428122,,,,,,
0.09254627313656828,0.27560183027515467,,,,,,
0.0930465232616308,0.2749460618826676,,,,,,
0.09354677338669334,0.2742930079532186,,,,,,
0.09375,,,,,,,0.29430443678574475
0.09404702351175587,0.2736426505625807,,,,,,
0.0945472736368184,0.27299497197156997,,,,,,
0.09504752376188093,0.27234995462324035,,,,,,
0.09554777388694347,0.2717075811401371,,,,,,
0.09604802401200599,0.27106783432160564,,,,,,
0.09654827413706853,0.2704306971411552,,,,,,
0.09704852426213106,0.2697961527438754,,,,,,
0.09754877438719359,0.26916418444390444,,,,,,
0.09804902451225612,0.26853477572194845,,,,,,
0.09854927463731865,0.26790791022284893,,,,,,
0.09904952476238119,0.26728357175319917,,,,,,
0.09954977488744371,0.266661744279007,,,,,,
0.10005002501250625,0.2660424119234029,,,,,,
0.10055027513756877,0.26542555896439296,,,,,,
0.10105052526263131,0.2648111698326555,,,,,,
0.10155077538769385,0.2641992291093788,,,,,,
0.10205102551275637,0.26358972152414184,,,,,,
0.1025512756378189,0.26298263195283406,,,,,,
0.10305152576288143,0.26237794541561454,,,,,,
0.10355177588794397,0.26177564707491086,,,,,,
0.10405202601300649,0.26117572223345364,,,,,,
0.10455227613806903,0.2605781563323488,,,,,,
0.10505252626313155,0.25998293494918545,,,,,,
0.10555277638819409,0.25939004379617825,,,,,,
0.10605302651325663,0.25879946871834464,,,,,,
0.10655327663831915,0.258211195691714,,,,,,
0.10705352676338169,0.25762521082157114,,,,,,
0.10755377688844421,0.2570415003407301,,,,,,
0.10805402701350675,0.2564600506078394,,,,,,
0.10855427713856927,0.2558808481057181,,,,,,
0.10905452726363181,0.2553038794397214,,,,,,
0.10955477738869433,0.2547291313361342,,,,,,
0.11005502751375687,0.2541565906405946,,,,,,
0.11055527763881941,0.2535862443165442,,,,,,
0.11105552776388193,0.25301807944370536,,,,,,
0.11155577788894447,0.25245208321658524,,,,,,
0.11205602801400699,0.25188824294300605,,,,,,
0.11255627813906953,0.2513265460426601,,,,,,
0.11305652826413205,0.25076698004568987,,,,,,
0.11355677838919459,0.2502095325912926,,,,,,
0.11405702851425711,0.24965419142634776,,,,,,
0.11455727863931965,0.2491009444040692,,,,,,
0.11505752876438219,0.2485497794826784,,,,,,
0.11555777888944471,0.24800068472410108,,,,,,
0.11605802901450725,0.24745364829268512,,,,,,
0.11655827913956977,0.24690865845394003,,,,,,
0.11705852926463231,0.24636570357329673,,,,,,
0.11755877938969483,0.245824772114889,,,,,,
0.11805902951475737,0.24528585264035294,,,,,,
0.1185592796398199,0.2447489338076481,,,,,,
0.11905952976488243,0.24421400436989632,,,,,,
0.11955977988994497,0.24368105317424035,,,,,,
0.1200600300150075,0.24315006916072,,,,,,
0.12056028014007003,0.24262104136116688,,,,,,
0.12106053026513255,0.24209395889811644,,,,,,
0.12156078039019509,0.24156881098373814,,,,,,
0.12206103051525762,0.24104558691878122,,,,,,
0.12256128064032015,0.2405242760915383,,,,,,
0.12306153076538268,0.2400048679768246,,,,,,
0.12356178089044521,0.23948735213497302,,,,,,
0.12406203101550775,0.2389717182108462,,,,,,
0.12456228114057027,0.2384579559328613,,,,,,
0.125,,,,,0.2895070933496587,0.269086783801419,0.25648632815116995
0.1250625312656328,0.23794605511203268,,,,,,
0.12556278139069535,0.23743600564102735,,,,,,
0.12606303151575787,0.23692779749323611,,,,,,
0.1265632816408204,0.23642142072185748,,,,,,
0.12706353176588292,0.2359168654589972,,,,,,
0.12756378189094547,0.2354141219147801,,,,,,
0.128064032016008,0.2349131803764757,,,,,,
0.12856428214107052,0.23441403120763749,,,,,,
0.12906453226613307,0.2339166648472537,,,,,,
0.1295647823911956,0.23342107180891278,,,,,,
0.13006503251625812,0.232927242679979,,,,,,
0.13056528264132064,0.23243516812078177,,,,,,
0.1310655327663832,0.23194483886381673,,,,,,
0.13156578289144572,0.2314562457129573,,,,,,
0.13206603301650824,0.23096937954267974,,,,,,
0.13256628314157076,0.23048423129729756,,,,,,
0.1330665332666333,0.23000079199020837,,,,,,
0.13356678339169584,0.22951905270315068,,,,,,
0.13406703351675836,0.22903900458547213,,,,,,
0.1345672836418209,0.2285606388534075,,,,,,
0.13506753376688344,0.22808394678936744,,,,,,
0.13556778389194596,0.22760891974123756,,,,,,
0.13606803401700848,0.22713554912168646,,,,,,
0.13656828414207103,0.22666382640748464,,,,,,
0.13706853426713356,0.2261937431388321,,,,,,
0.13756878439219608,0.22572529091869606,,,,,,
0.13806903451725863,0.2252584614121573,,,,,,
0.13856928464232116,0.224793246345766,,,,,,
0.13906953476738368,0.22432963750690624,,,,,,
0.1395697848924462,0.22386762674316918,,,,,,
0.14007003501750875,0.2234072059617354,,,,,,
0.14057028514257128,0.2229483671287651,,,,,,
0.1410705352676338,0.22249110226879665,,,,,,
0.14157078539269632,0.22203540346415368,,,,,,
0.14207103551775888,0.22158126285435992,,,,,,
0.1425712856428214,0.22112867263556213,,,,,,
0.14307153576788392,0.2206776250599604,,,,,,
0.14357178589294647,0.2202281124352463,,,,,,
0.144072036018009,0.2197801271240489,,,,,,
0.14457228614307152,0.21933366154338746,,,,,,
0.14507253626813404,0.2188887081641318,,,,,,
0.1455727863931966,0.21844525951046975,,,,,,
0.14607303651825912,0.21800330815938157,,,,,,
0.14657328664332164,0.21756284674012077,,,,,,
0.1470735367683842,0.21712386793370322,,,,,,
0.14757378689344672,0.21668636447240064,,,,,,
0.14807403701850924,0.21625032913924258,,,,,,
0.14857428714357176,0.21581575476752418,,,,,,
0.14907453726863432,0.2153826342403199,,,,,,
0.14957478739369684,0.21495096049000376,,,,,,
0.15007503751875936,0.21452072649777643,,,,,,
0.1505752876438219,0.21409192529319684,,,,,,
0.15107553776888444,0.21366454995372092,,,,,,
0.15157578789394696,0.21323859360424602,,,,,,
0.15207603801900949,0.2128140494166609,,,,,,
0.15257628814407204,0.2123909106094008,,,,,,
0.15307653826913456,0.21196917044700972,,,,,,
0.15357678839419708,0.21154882223970586,,,,,,
0.1540770385192596,0.2111298593429548,,,,,,
0.15457728864432216,0.21071227515704657,,,,,,
0.15507753876938468,0.21029606312667776,,,,,,
0.1555777888944472,0.2098812167405399,,,,,,
0.15607803901950976,0.2094677295309123,,,,,,
0.15625,,,,,,,0.22603859842137886
0.15657828914457228,0.20905559507325963,,,,,,
0.1570785392696348,0.2086448069858346,,,,,,
0.15757878939469733,0.2082353589292857,,,,,,
0.15807903951975988,0.2078272446062696,,,,,,
0.1585792896448224,0.20742045776106816,,,,,,
0.15907953976988493,0.2070149921792097,,,,,,
0.15957978989494745,0.20661084168709554,,,,,,
0.16008004002001,0.20620800015163074,,,,,,
0.16058029014507252,0.20580646147985884,,,,,,
0.16108054027013505,0.20540621961860134,,,,,,
0.1615807903951976,0.20500726855410173,,,,,,
0.16208104052026012,0.20460960231167272,,,,,,
0.16258129064532265,0.204213214955349,,,,,,
0.16308154077038517,0.20381810058754285,,,,,,
0.16358179089544772,0.2034242533487047,,,,,,
0.16408204102051024,0.20303166741698672,,,,,,
0.16458229114557277,0.20264033700791168,,,,,,
0.16508254127063532,0.20225025637404384,,,,,,
0.16558279139569784,0.2018614198046656,,,,,,
0.16608304152076037,0.20147382162545618,,,,,,
0.1665832916458229,0.2010874561981752,,,,,,
0.16708354177088544,0.20070231792034926,,,,,,
0.16758379189594796,0.20031840122496228,,,,,,
0.1680840420210105,0.1999357005801493,,,,,,
0.168584292146073,0.19955421048889396,,,,,,
0.16908454227113556,0.1991739254887291,,,,,,
0.1695847923961981,0.19879484015144117,,,,,,
0.1700850425212606,0.19841694908277735,,,,,,
0.17058529264632316,0.19804024692215638,,,,,,
0.17108554277138568,0.19766472834238308,,,,,,
0.1715857928964482,0.1972903880493649,,,,,,
0.17208604302151073,0.19691722078183227,,,,,,
0.17258629314657328,0.1965452213110626,,,,,,
0.1730865432716358,0.1961743844406064,,,,,,
0.17358679339669833,0.1958047050060167,,,,,,
0.17408704352176088,0.19543617787458167,,,,,,
0.1745872936468234,0.19506879794506043,,,,,,
0.17508754377188593,0.19470256014742052,,,,,,
0.17558779389694845,0.19433745944257974,,,,,,
0.176088044022011,0.1939734908221502,,,,,,
0.17658829414707353,0.19361064930818458,,,,,,
0.17708854427213605,0.19324892995292614,,,,,,
0.17758879439719857,0.19288832783856055,,,,,,
0.17808904452226113,0.19252883807697066,,,,,,
0.17858929464732365,0.19217045580949493,,,,,,
0.17908954477238617,0.1918131762066863,,,,,,
0.17958979489744872,0.19145699446807546,,,,,,
0.18009004502251125,0.19110190582193606,,,,,,
0.18059029514757377,0.1907479055250523,,,,,,
0.1810905452726363,0.1903949888624889,,,,,,
0.18159079539769885,0.1900431511473637,,,,,,
0.18209104552276137,0.1896923877206229,,,,,,
0.1825912956478239,0.18934269395081796,,,,,,
0.18309154577288644,0.1889940652338854,,,,,,
0.18359179589794897,0.1886464969929286,,,,,,
0.1840920460230115,0.18829998467800227,,,,,,
0.18459229614807401,0.1879545237658988,,,,,,
0.18509254627313657,0.1876101097599363,,,,,,
0.1855927963981991,0.18726673818975081,,,,,,
0.1860930465232616,0.1869244046110875,,,,,,
0.18659329664832414,0.18658310460559738,,,,,,
0.1870935467733867,0.18624283378063333,,,,,,
0.1875,,,,,,0.21240567181723422,0.2010406110931661
0.1875937968984492,0.1859035877690501,,,,,,
0.18809404702351173,0.18556536222900524,,,,,,
0.18859429714857429,0.18522815284376268,,,,,,
0.1890945472736368,0.18489195532149774,,,,,,
0.18959479739869933,0.1845567653951048,,,,,,
0.19009504752376186,0.1842225788220061,,,,,,
0.1905952976488244,0.18388939138396354,,,,,,
0.19109554777388693,0.18355719888689084,,,,,,
0.19159579789894945,0.18322599716066912,,,,,,
0.19209604802401198,0.18289578205896354,,,,,,
0.19259629814907453,0.18256654945904174,,,,,,
0.19309654827413705,0.1822382952615943,,,,,,
0.19359679839919958,0.18191101539055674,,,,,,
0.19409704852426213,0.1815847057929337,,,,,,
0.19459729864932465,0.18125936243862448,,,,,,
0.19509754877438718,0.1809349813202503,,,,,,
0.1955977988994497,0.18061155845298357,,,,,,
0.19609804902451225,0.18028908987437822,,,,,,
0.19659829914957477,0.1799675716442025,,,,,,
0.1970985492746373,0.17964699984427282,,,,,,
0.19759879939969985,0.17932737057828926,,,,,,
0.19809904952476237,0.17900867997167288,,,,,,
0.1985992996498249,0.17869092417140459,,,,,,
0.19909954977488742,0.17837409934586515,,,,,,
0.19959979989994997,0.17805820168467731,,,,,,
0.2001000500250125,0.17774322739854928,,,,,,
0.20060030015007502,0.17742917271911912,,,,,,
0.20110055027513754,0.1771160338988017,,,,,,
0.2016008004002001,0.176803807210636,,,,,,
0.20210105052526262,0.17649248894813468,,,,,,
0.20260130065032514,0.17618207542513462,,,,,,
0.2031015507753877,0.17587256297564904,,,,,,
0.2036018009004502,0.17556394795372118,,,,,,
0.20410205102551274,0.1752562267332785,,,,,,
0.20460230115057526,0.17494939570798995,,,,,,
0.2051025512756378,0.1746434512911227,,,,,,
0.20560280140070034,0.1743383899154012,,,,,,
0.20610305152576286,0.1740342080328676,,,,,,
0.2066033016508254,0.17373090211474307,,,,,,
0.20710355177588793,0.1734284686512909,,,,,,
0.20760380190095046,0.1731269041516801,,,,,,
0.20810405202601298,0.17282620514385097,,,,,,
0.20860430215107553,0.17252636817438152,,,,,,
0.20910455227613806,0.1722273898083557,,,,,,
0.20960480240120058,0.1719292666292316,,,,,,
0.2101050525262631,0.17163199523871223,,,,,,
0.21060530265132565,0.17133557225661686,,,,,,
0.21110555277638818,0.17103999432075312,,,,,,
0.2116058029014507,0.17074525808679125,,,,,,
0.21210605302651325,0.17045136022813867,,,,,,
0.21260630315157578,0.17015829743581556,,,,,,
0.2131065532766383,0.16986606641833277,,,,,,
0.21360680340170082,0.16957466390156925,,,,,,
0.21410705352676337,0.16928408662865202,,,,,,
0.2146073036518259,0.16899433135983583,,,,,,
0.21510755377688842,0.16870539487238495,,,,,,
0.21560780390195097,0.16841727396045586,,,,,,
0.2161080540270135,0.1681299654349802,,,,,,
0.21660830415207602,0.16784346612355008,,,,,,
0.21710855427713854,0.16755777287030288,,,,,,
0.2176088044022011,0.16727288253580846,,,,,,
0.21810905452726362,0.1669887919969565,,,,,,
0.21860930465232614,0.16670549814684504,,,,,,
0.21875,,,,,,,0.18020978295657808
0.21910955477738867,0.16642299789467027,,,,,,
0.21960980490245122,0.16614128816561663,,,,,,
0.22011005502751374,0.16586036590074896,,,,,,
0.22061030515257626,0.16558022805690403,,,,,,
0.22111055527763882,0.1653008716065849,,,,,,
0.22161080540270134,0.16502229353785458,,,,,,
0.22211105552776386,0.16474449085423096,,,,,,
0.22261130565282639,0.164467460574584,,,,,,
0.22311155577788894,0.1641911997330317,,,,,,
0.22361180590295146,0.16391570537883843,,,,,,
0.22411205602801398,0.16364097457631355,,,,,,
0.22461230615307654,0.16336700440471133,,,,,,
0.22511255627813906,0.16309379195813112,,,,,,
0.22561280640320158,0.16282133434541887,,,,,,
0.2261130565282641,0.16254962869006934,,,,,,
0.22661330665332666,0.1622786721301288,,,,,,
0.22711355677838918,0.16200846181809941,,,,,,
0.2276138069034517,0.1617389949208433,,,,,,
0.22811405702851423,0.16147026861948854,,,,,,
0.22861430715357678,0.16120228010933504,,,,,,
0.2291145572786393,0.16093502659976172,,,,,,
0.22961480740370183,0.1606685053141342,,,,,,
0.23011505752876438,0.16040271348971355,,,,,,
0.2306153076538269,0.16013764837756583,,,,,,
0.23111555777888942,0.15987330724247154,,,,,,
0.23161580790395195,0.15960968736283723,,,,,,
0.2321160580290145,0.1593467860306066,,,,,,
0.23261630815407702,0.15908460055117318,,,,,,
0.23311655827913955,0.15882312824329295,,,,,,
0.2336168084042021,0.1585623664389986,,,,,,
0.23411705852926462,0.1583023124835137,,,,,,
0.23461730865432714,0.15804296373516785,,,,,,
0.23511755877938967,0.15778431756531291,,,,,,
0.23561780890445222,0.15752637135823924,,,,,,
0.23611805902951474,0.15726912251109293,,,,,,
0.23661830915457727,0.15701256843379413,,,,,,
0.2371185592796398,0.15675670654895513,,,,,,
0.23761880940470234,0.15650153429179997,,,,,,
0.23811905952976486,0.15624704911008408,,,,,,
0.2386193096548274,0.15599324846401533,,,,,,
0.23911955977988994,0.15574012982617447,,,,,,
0.23961980990495246,0.15548769068143778,,,,,,
0.240120060030015,0.15523592852689894,,,,,,
0.2406203101550775,0.1549848408717922,,,,,,
0.24112056028014006,0.15473442523741646,,,,,,
0.24162081040520259,0.1544846791570593,,,,,,
0.2421210605302651,0.1542356001759216,,,,,,
0.24262131065532766,0.15398718585104368,,,,,,
0.24312156078039018,0.15373943375123109,,,,,,
0.2436218109054527,0.1534923414569812,,,,,,
0.24412206103051523,0.1532459065604106,,,,,,
0.24462231115557778,0.15300012666518292,,,,,,
0.2451225612806403,0.1527549993864373,,,,,,
0.24562281140570283,0.1525105223507173,,,,,,
0.24612306153076535,0.15226669319590044,,,,,,
0.2466233116558279,0.15202350957112845,,,,,,
0.24712356178089043,0.15178096913673755,,,,,,
0.24762381190595295,0.15153906956418994,,,,,,
0.2481240620310155,0.1512978085360056,,,,,,
0.24862431215607803,0.15105718374569407,,,,,,
0.24912456228114055,0.1508171928976878,,,,,,
0.24962481240620307,0.15057783370727498,,,,,,
0.25,,,,0.21940534875617498,0.19009464494701558,0.17245861060420373,0.16264345236522143
0.2501250625312656,0.1503391039005336,,,,,,
0.25062531265632815,0.15010100121426567,,,,,,
0.2511255627813907,0.14986352339593212,,,,,,
0.2516258129064532,0.1496266682035883,,,,,,
0.25212606303151575,0.14939043340581915,,,,,,
0.2526263131565783,0.14915481678167658,,,,,,
0.2531265632816408,0.14891981612061514,,,,,,
0.25362681340670334,0.14868542922243022,,,,,,
0.25412706353176584,0.14845165389719522,,,,,,
0.2546273136568284,0.14821848796520012,,,,,,
0.25512756378189094,0.14798592925689025,,,,,,
0.25562781390695344,0.14775397561280504,,,,,,
0.256128064032016,0.14752262488351806,,,,,,
0.25662831415707854,0.14729187492957704,,,,,,
0.25712856428214104,0.1470617236214444,,,,,,
0.2576288144072036,0.14683216883943798,,,,,,
0.25812906453226614,0.146603208473673,,,,,,
0.25862931465732864,0.1463748404240035,,,,,,
0.2591295647823912,0.14614706259996468,,,,,,
0.2596298149074537,0.1459198729207161,,,,,,
0.26013006503251623,0.14569326931498414,,,,,,
0.2606303151575788,0.14546724972100625,,,,,,
0.2611305652826413,0.14524181208647455,,,,,,
0.26163081540770383,0.1450169543684803,,,,,,
0.2621310655327664,0.14479267453345915,,,,,,
0.2626313156578289,0.14456897055713583,,,,,,
0.26313156578289143,0.14434584042447007,,,,,,
0.263631815907954,0.14412328212960257,,,,,,
0.2641320660330165,0.14390129367580198,,,,,,
0.26463231615807903,0.1436798730754106,,,,,,
0.2651325662831415,0.1434590183497929,,,,,,
0.2656328164082041,0.14323872752928216,,,,,,
0.2661330665332666,0.14301899865312898,,,,,,
0.2666333166583291,0.14279982976944966,,,,,,
0.2671335667833917,0.14258121893517475,,,,,,
0.2676338169084542,0.1423631642159982,,,,,,
0.2681340670335167,0.14214566368632714,,,,,,
0.26863431715857927,0.14192871542923147,,,,,,
0.2691345672836418,0.14171231753639404,,,,,,
0.2696348174087043,0.1414964681080617,,,,,,
0.27013506753376687,0.14128116525299558,,,,,,
0.2706353176588294,0.1410664070884229,,,,,,
0.2711355677838919,0.1408521917399885,,,,,,
0.27163581790895447,0.14063851734170676,,,,,,
0.27213606803401696,0.1404253820359139,,,,,,
0.2726363181590795,0.14021278397322084,,,,,,
0.27313656828414207,0.14000072131246608,,,,,,
0.27363681840920456,0.13978919222066902,,,,,,
0.2741370685342671,0.1395781948729839,,,,,,
0.27463731865932967,0.13936772745265363,,,,,,
0.27513756878439216,0.13915778815096386,,,,,,
0.2756378189094547,0.1389483751671983,,,,,,
0.27613806903451726,0.13873948670859307,,,,,,
0.27663831915957976,0.13853112099029233,,,,,,
0.2771385692846423,0.1383232762353039,,,,,,
0.2776388194097048,0.13811595067445517,,,,,,
0.27813906953476736,0.13790914254634912,,,,,,
0.2786393196598299,0.13770285009732128,,,,,,
0.2791395697848924,0.13749707158139607,,,,,,
0.27963981990995496,0.13729180526024454,,,,,,
0.2801400700350175,0.13708704940314112,,,,,,
0.28064032016008,0.1368828022869222,,,,,,
0.28114057028514255,0.13667906219594347,,,,,,
0.28125,,,,,,,0.1476822507739671
0.2816408204102051,0.1364758274220386,,,,,,
0.2821410705352676,0.1362730962644777,,,,,,
0.28264132066033015,0.1360708670299264,,,,,,
0.28314157078539265,0.13586913803240502,,,,,,
0.2836418209104552,0.13566790759324773,,,,,,
0.28414207103551775,0.1354671740410629,,,,,,
0.28464232116058025,0.13526693571169238,,,,,,
0.2851425712856428,0.13506719094817252,,,,,,
0.28564282141070535,0.13486793810069442,,,,,,
0.28614307153576785,0.13466917552656463,,,,,,
0.2866433216608304,0.13447090159016645,,,,,,
0.28714357178589295,0.1342731146629215,,,,,,
0.28764382191095544,0.13407581312325098,,,,,,
0.288144072036018,0.13387899535653772,,,,,,
0.28864432216108055,0.13368265975508847,,,,,,
0.28914457228614304,0.13348680471809624,,,,,,
0.2896448224112056,0.13329142865160282,,,,,,
0.2901450725362681,0.13309652996846202,,,,,,
0.29064532266133064,0.13290210708830255,,,,,,
0.2911455727863932,0.13270815843749162,,,,,,
0.2916458229114557,0.13251468244909853,,,,,,
0.29214607303651824,0.13232167756285867,,,,,,
0.2926463231615808,0.1321291422251376,,,,,,
0.2931465732866433,0.13193707488889547,,,,,,
0.29364682341170584,0.13174547401365166,,,,,,
0.2941470735367684,0.13155433806544958,,,,,,
0.2946473236618309,0.13136366551682208,,,,,,
0.29514757378689344,0.13117345484675624,,,,,,
0.29564782391195593,0.13098370454065955,,,,,,
0.2961480740370185,0.13079441309032527,,,,,,
0.29664832416208103,0.13060557899389866,,,,,,
0.29714857428714353,0.13041720075584315,,,,,,
0.2976488244122061,0.13022927688690683,,,,,,
0.29814907453726863,0.1300418059040891,,,,,,
0.29864932466233113,0.12985478633060787,,,,,,
0.2991495747873937,0.12966821669586617,,,,,,
0.29964982491245623,0.12948209553541995,,,,,,
0.3001500750375187,0.12929642139094558,,,,,,
0.3006503251625813,0.1291111928102072,,,,,,
0.3011505752876438,0.12892640834702537,,,,,,
0.3016508254127063,0.12874206656124473,,,,,,
0.3021510755377689,0.12855816601870276,,,,,,
0.30265132566283137,0.12837470529119804,,,,,,
0.3031515757878939,0.12819168295645939,,,,,,
0.3036518259129565,0.12800909759811469,,,,,,
0.30415207603801897,0.12782694780566028,,,,,,
0.3046523261630815,0.12764523217443002,,,,,,
0.3051525762881441,0.1274639493055653,,,,,,
0.30565282641320657,0.12728309780598462,,,,,,
0.3061530765382691,0.12710267628835364,,,,,,
0.30665332666333167,0.12692268337105553,,,,,,
0.30715357678839417,0.1267431176781611,,,,,,
0.3076538269134567,0.12656397783939943,,,,,,
0.3081540770385192,0.12638526249012896,,,,,,
0.30865432716358177,0.12620697027130787,,,,,,
0.3091545772886443,0.1260290998294659,,,,,,
0.3096548274137068,0.125851649816675,,,,,,
0.31015507753876936,0.1256746188905214,,,,,,
0.3106553276638319,0.12549800571407685,,,,,,
0.3111555777888944,0.12532180895587086,,,,,,
0.31165582791395696,0.12514602728986254,,,,,,
0.3121560780390195,0.12497065939541296,,,,,,
0.3125,,,,,,0.1431757264589585,0.13483093713298305
0.312656328164082,0.12479570395725725,,,,,,
0.31315657828914456,0.12462115966547757,,,,,,
0.31365682841420706,0.12444702521547556,,,,,,
0.3141570785392696,0.12427329930794553,,,,,,
0.31465732866433216,0.12409998064884718,,,,,,
0.31515757878939465,0.12392706794937934,,,,,,
0.3156578289144572,0.12375455992595286,,,,,,
0.31615807903951976,0.12358245530016468,,,,,,
0.31665832916458225,0.12341075279877137,,,,,,
0.3171585792896448,0.12323945115366301,,,,,,
0.31765882941470736,0.1230685491018374,,,,,,
0.31815907953976985,0.12289804538537423,,,,,,
0.3186593296648324,0.12272793875140946,,,,,,
0.3191595797898949,0.12255822795210998,,,,,,
0.31965982991495745,0.12238891174464839,,,,,,
0.32016008004002,0.12221998889117763,,,,,,
0.3206603301650825,0.12205145815880628,,,,,,
0.32116058029014505,0.12188331831957362,,,,,,
0.3216608304152076,0.12171556815042496,,,,,,
0.3221610805402701,0.12154820643318737,,,,,,
0.32266133066533265,0.12138123195454477,,,,,,
0.3231615807903952,0.12121464350601457,,,,,,
0.3236618309154577,0.12104843988392282,,,,,,
0.32416208104052024,0.12088261988938084,,,,,,
0.32466233116558274,0.12071718232826104,,,,,,
0.3251625812906453,0.12055212601117363,,,,,,
0.32566283141570784,0.12038744975344308,,,,,,
0.32616308154077034,0.12022315237508484,,,,,,
0.3266633316658329,0.12005923270078185,,,,,,
0.32716358179089544,0.11989568955986195,,,,,,
0.32766383191595794,0.11973252178627473,,,,,,
0.3281640820410205,0.11956972821856858,,,,,,
0.32866433216608304,0.11940730769986854,,,,,,
0.32916458229114554,0.11924525907785333,,,,,,
0.3296648324162081,0.11908358120473347,,,,,,
0.33016508254127064,0.11892227293722862,,,,,,
0.33066533266633313,0.11876133313654572,,,,,,
0.3311655827913957,0.11860076066835708,,,,,,
0.3316658329164582,0.11844055440277847,,,,,,
0.33216608304152073,0.11828071321434735,,,,,,
0.3326663331665833,0.11812123598200165,,,,,,
0.3331665832916458,0.11796212158905785,,,,,,
0.33366683341670833,0.11780336892319017,,,,,,
0.3341670835417709,0.11764497687640911,,,,,,
0.3346673336668334,0.11748694434504033,,,,,,
0.33516758379189593,0.11732927022970412,,,,,,
0.3356678339169585,0.11717195343529405,,,,,,
0.336168084042021,0.11701499287095699,,,,,,
0.3366683341670835,0.11685838745007182,,,,,,
0.337168584292146,0.1167021360902296,,,,,,
0.3376688344172086,0.1165462377132129,,,,,,
0.3381690845422711,0.11639069124497566,,,,,,
0.3386693346673336,0.11623549561562364,,,,,,
0.3391695847923962,0.11608064975939343,,,,,,
0.3396698349174587,0.11592615261463363,,,,,,
0.3401700850425212,0.11577200312378466,,,,,,
0.34067033516758377,0.11561820023335907,,,,,,
0.3411705852926463,0.11546474289392253,,,,,,
0.3416708354177088,0.11531163006007392,,,,,,
0.34217108554277137,0.11515886069042638,,,,,,
0.34267133566783387,0.11500643374758819,,,,,,
0.3431715857928964,0.1148543481981435,,,,,,
0.34367183591795897,0.1147026030126337,,,,,,
0.34375,,,,,,,0.12370938820013519
0.34417208604302146,0.11455119716553835,,,,,,
0.344672336168084,0.11440012963525681,,,,,,
0.34517258629314657,0.11424939940408924,,,,,,
0.34567283641820906,0.11409900545821845,,,,,,
0.3461730865432716,0.1139489467876913,,,,,,
0.34667333666833416,0.11379922238640072,,,,,,
0.34717358679339666,0.11364983125206718,,,,,,
0.3476738369184592,0.11350077238622096,,,,,,
0.34817408704352176,0.1133520447941839,,,,,,
0.34867433716858426,0.11320364748505185,,,,,,
0.3491745872936468,0.11305557947167667,,,,,,
0.3496748374187093,0.11290783977064885,,,,,,
0.35017508754377186,0.11276042740227954,,,,,,
0.3506753376688344,0.11261334139058364,,,,,,
0.3511755877938969,0.11246658076326213,,,,,,
0.35167583791895946,0.11232014455168482,,,,,,
0.352176088044022,0.11217403179087329,,,,,,
0.3526763381690845,0.1120282415194839,,,,,,
0.35317658829414705,0.11188277277979077,,,,,,
0.3536768384192096,0.11173762461766872,,,,,,
0.3541770885442721,0.11159279608257715,,,,,,
0.35467733866933465,0.11144828622754255,,,,,,
0.35517758879439715,0.11130409410914253,,,,,,
0.3556778389194597,0.11116021878748908,,,,,,
0.35617808904452225,0.11101665932621228,,,,,,
0.35667833916958475,0.11087341479244409,,,,,,
0.3571785892946473,0.11073048425680188,,,,,,
0.35767883941970985,0.11058786679337264,,,,,,
0.35817908954477234,0.1104455614796969,,,,,,
0.3586793396698349,0.11030356739675246,,,,,,
0.35917958979489745,0.11016188362893921,,,,,,
0.35967983991995994,0.1100205092640627,,,,,,
0.3601800900450225,0.10987944339331904,,,,,,
0.360680340170085,0.10973868511127885,,,,,,
0.36118059029514754,0.10959823351587232,,,,,,
0.3616808404202101,0.1094580877083732,,,,,,
0.3621810905452726,0.1093182467933841,,,,,,
0.36268134067033514,0.1091787098788208,,,,,,
0.3631815907953977,0.10903947607589734,,,,,,
0.3636818409204602,0.10890054449911092,,,,,,
0.36418209104552274,0.10876191426622696,,,,,,
0.3646823411705853,0.10862358449826406,,,,,,
0.3651825912956478,0.10848555431947954,,,,,,
0.36568284142071034,0.10834782285735424,,,,,,
0.3661830915457729,0.10821038924257827,,,,,,
0.3666833416708354,0.10807325260903645,,,,,,
0.36718359179589793,0.10793641209379339,,,,,,
0.36768384192096043,0.10779986683707961,,,,,,
0.368184092046023,0.107663615982277,,,,,,
0.36868434217108553,0.10752765867590455,,,,,,
0.36918459229614803,0.10739199406760418,,,,,,
0.3696848424212106,0.10725662131012681,,,,,,
0.37018509254627313,0.10712153955931812,,,,,,
0.3706853426713356,0.10698674797410487,,,,,,
0.3711855927963982,0.10685224571648082,,,,,,
0.37168584292146073,0.10671803195149306,,,,,,
0.3721860930465232,0.1065841058472285,,,,,,
0.3726863431715858,0.10645046657479959,,,,,,
0.3731865932966483,0.10631711330833168,,,,,,
0.3736868434217108,0.10618404522494888,,,,,,
0.3741870935467734,0.10605126150476071,,,,,,
0.37468734367183587,0.10591876133084918,,,,,,
0.375,,,,,0.13451680678214084,0.12107890928515547,0.11402069692973922
0.3751875937968984,0.1057865438892551,,,,,,
0.375687843921961,0.105654608368965,,,,,,
0.37618809404702347,0.10552295396189817,,,,,,
0.376688344172086,0.10539157986289334,,,,,,
0.37718859429714857,0.10526048526969609,,,,,,
0.37768884442221107,0.10512966938294542,,,,,,
0.3781890945472736,0.10499913140616143,,,,,,
0.3786893446723361,0.10486887054573228,,,,,,
0.37918959479739867,0.10473888601090145,,,,,,
0.3796898449224612,0.10460917701375524,,,,,,
0.3801900950475237,0.10447974276921015,,,,,,
0.38069034517258626,0.10435058249500051,,,,,,
0.3811905952976488,0.10422169541166576,,,,,,
0.3816908454227113,0.10409308074253833,,,,,,
0.38219109554777386,0.10396473771373121,,,,,,
0.3826913456728364,0.103836665554126,,,,,,
0.3831915957978989,0.10370886349536033,,,,,,
0.38369184592296146,0.10358133077181594,,,,,,
0.38419209604802396,0.10345406662060676,,,,,,
0.3846923461730865,0.1033270702815668,,,,,,
0.38519259629814906,0.10320034099723828,,,,,,
0.38569284642321155,0.10307387801285986,,,,,,
0.3861930965482741,0.10294768057635457,,,,,,
0.38669334667333666,0.1028217479383185,,,,,,
0.38719359679839915,0.10269607935200885,,,,,,
0.3876938469234617,0.10257067407333248,,,,,,
0.38819409704852426,0.10244553136083422,,,,,,
0.38869434717358675,0.10232065047568561,,,,,,
0.3891945972986493,0.10219603068167327,,,,,,
0.38969484742371185,0.10207167124518764,,,,,,
0.39019509754877435,0.10194757143521184,,,,,,
0.3906953476738369,0.10182373052331005,,,,,,
0.3911955977988994,0.10170014778361675,,,,,,
0.39169584792396195,0.10157682249282536,,,,,,
0.3921960980490245,0.10145375393017717,,,,,,
0.392696348174087,0.1013309413774505,,,,,,
0.39319659829914955,0.10120838411894958,,,,,,
0.3936968484242121,0.10108608144149389,,,,,,
0.3941970985492746,0.10096403263440695,,,,,,
0.39469734867433715,0.10084223698950597,,,,,,
0.3951975987993997,0.1007206938010909,,,,,,
0.3956978489244622,0.10059940236593375,,,,,,
0.39619809904952474,0.100478361983268,,,,,,
0.39669834917458724,0.10035757195477832,,,,,,
0.3971985992996498,0.10023703158458949,,,,,,
0.39769884942471234,0.1001167401792566,,,,,,
0.39819909954977484,0.09999669704775423,,,,,,
0.3986993496748374,0.09987690150146626,,,,,,
0.39919959979989994,0.09975735285417567,,,,,,
0.39969984992496244,0.09963805042205409,,,,,,
0.400200100050025,0.09951899352365176,,,,,,
0.40070035017508754,0.09940018147988759,,,,,,
0.40120060030015003,0.0992816136140386,,,,,,
0.4017008504252126,0.09916328925173047,,,,,,
0.4022011005502751,0.0990452077209271,,,,,,
0.40270135067533763,0.09892736835192101,,,,,,
0.4032016008004002,0.09880977047732326,,,,,,
0.4037018509254627,0.09869241343205377,,,,,,
0.40420210105052523,0.09857529655333162,,,,,,
0.4047023511755878,0.0984584191806649,,,,,,
0.4052026013006503,0.09834178065584183,,,,,,
0.40570285142571283,0.09822538032292019,,,,,,
0.4062031015507754,0.09810921752821851,,,,,,
0.40625,,,,,,,0.10552957779230761
0.4067033516758379,0.09799329162030639,,,,,,
0.4072036018009004,0.09787760194999456,,,,,,
0.407703851925963,0.09776214787032607,,,,,,
0.4082041020510255,0.0976469287365666,,,,,,
0.408704352176088,0.09753194390619511,,,,,,
0.4092046023011505,0.09741719273889478,,,,,,
0.4097048524262131,0.09730267459654346,,,,,,
0.4102051025512756,0.09718838884320473,,,,,,
0.4107053526763381,0.09707433484511876,,,,,,
0.41120560280140067,0.09696051197069293,,,,,,
0.4117058529264632,0.09684691959049317,,,,,,
0.4122061030515257,0.09673355707723467,,,,,,
0.41270635317658827,0.09662042380577306,,,,,,
0.4132066033016508,0.09650751915309534,,,,,,
0.4137068534267133,0.09639484249831133,,,,,,
0.41420710355177587,0.09628239322264454,,,,,,
0.41470735367683836,0.09617017070942344,,,,,,
0.4152076038019009,0.09605817434407277,,,,,,
0.41570785392696347,0.0959464035141049,,,,,,
0.41620810405202596,0.09583485760911117,,,,,,
0.4167083541770885,0.09572353602075316,,,,,,
0.41720860430215106,0.09561243814275414,,,,,,
0.41770885442721356,0.09550156337089082,,,,,,
0.4182091045522761,0.09539091110298453,,,,,,
0.41870935467733866,0.09528048073889282,,,,,,
0.41920960480240116,0.09517027168050143,,,,,,
0.4197098549274637,0.0950602833317155,,,,,,
0.4202101050525262,0.09495051509845145,,,,,,
0.42071035517758876,0.09484096638862861,,,,,,
0.4212106053026513,0.0947316366121612,,,,,,
0.4217108554277138,0.09462252518094998,,,,,,
0.42221110555277636,0.09451363150887411,,,,,,
0.4227113556778389,0.09440495501178298,,,,,,
0.4232116058029014,0.09429649510748833,,,,,,
0.42371185592796395,0.0941882512157561,,,,,,
0.4242121060530265,0.09408022275829839,,,,,,
0.424712356178089,0.09397240915876567,,,,,,
0.42521260630315155,0.09386480984273862,,,,,,
0.4257128564282141,0.09375742423772057,,,,,,
0.4262131065532766,0.09365025177312941,,,,,,
0.42671335667833915,0.09354329188028987,,,,,,
0.42721360680340165,0.0934365439924258,,,,,,
0.4277138569284642,0.09333000754465252,,,,,,
0.42821410705352675,0.09322368197396896,,,,,,
0.42871435717858924,0.0931175667192501,,,,,,
0.4292146073036518,0.09301166122123929,,,,,,
0.42971485742871435,0.09290596492254094,,,,,,
0.43021510755377684,0.09280047726761269,,,,,,
0.4307153576788394,0.09269519770275807,,,,,,
0.43121560780390195,0.09259012567611885,,,,,,
0.43171585792896444,0.09248526063766797,,,,,,
0.432216108054027,0.09238060203920175,,,,,,
0.4327163581790895,0.09227614933433291,,,,,,
0.43321660830415204,0.0921719019784829,,,,,,
0.4337168584292146,0.09206785942887488,,,,,,
0.4342171085542771,0.09196402114452638,,,,,,
0.43471735867933964,0.09186038658624199,,,,,,
0.4352176088044022,0.0917569552166065,,,,,,
0.4357178589294647,0.09165372649997731,,,,,,
0.43621810905452724,0.0915506999024777,,,,,,
0.4367183591795898,0.09144787489198943,,,,,,
0.4372186093046523,0.09134525093814609,,,,,,
0.4375,,,,,,0.1040156022437974,0.09804728379096742
0.43771885942971483,0.09124282751232582,,,,,,
0.43821910955477733,0.09114060408764425,,,,,,
0.4387193596798399,0.09103858013894792,,,,,,
0.43921960980490243,0.090936755142807,,,,,,
0.43971985992996493,0.09083512857750865,,,,,,
0.4402201100550275,0.09073369992305011,,,,,,
0.44072036018009003,0.09063246866113189,,,,,,
0.4412206103051525,0.09053143427515098,,,,,,
0.4417208604302151,0.0904305962501941,,,,,,
0.44222111055527763,0.09032995407303104,,,,,,
0.4427213606803401,0.09022950723210804,,,,,,
0.4432216108054027,0.09012925521754087,,,,,,
0.44372186093046523,0.09002919752110847,,,,,,
0.4442221110555277,0.08992933363624642,,,,,,
0.4447223611805903,0.08982966305804006,,,,,,
0.44522261130565277,0.08973018528321831,,,,,,
0.4457228614307153,0.08963089981014702,,,,,,
0.4462231115557779,0.08953180613882243,,,,,,
0.44672336168084037,0.08943290377086503,,,,,,
0.4472236118059029,0.0893341922095127,,,,,,
0.44772386193096547,0.08923567095961486,,,,,,
0.44822411205602797,0.08913733952762572,,,,,,
0.4487243621810905,0.08903919742159816,,,,,,
0.44922461230615307,0.08894124415117745,,,,,,
0.44972486243121557,0.08884347922759495,,,,,,
0.4502251125562781,0.08874590216366193,,,,,,
0.4507253626813406,0.08864851247376332,,,,,,
0.45122561280640316,0.08855130967385152,,,,,,
0.4517258629314657,0.08845429328144037,,,,,,
0.4522261130565282,0.08835746281559914,,,,,,
0.45272636318159076,0.08826081779694613,,,,,,
0.4532266133066533,0.0881643577476428,,,,,,
0.4537268634317158,0.08806808219138791,,,,,,
0.45422711355677836,0.08797199065341113,,,,,,
0.4547273636818409,0.08787608266046763,,,,,,
0.4552276138069034,0.08778035774083158,,,,,,
0.45572786393196596,0.08768481542429048,,,,,,
0.45622811405702846,0.08758945524213942,,,,,,
0.456728364182091,0.08749427672717508,,,,,,
0.45722861430715356,0.08739927941368983,,,,,,
0.45772886443221605,0.08730446283746604,,,,,,
0.4582291145572786,0.08720982653577034,,,,,,
0.45872936468234116,0.08711537004734768,,,,,,
0.45922961480740365,0.08702109291241587,,,,,,
0.4597298649324662,0.08692699467265975,,,,,,
0.46023011505752875,0.08683307487122549,,,,,,
0.46073036518259125,0.08673933305271496,,,,,,
0.4612306153076538,0.0866457687631802,,,,,,
0.4617308654327163,0.08655238155011773,,,,,,
0.46223111555777885,0.08645917096246304,,,,,,
0.4627313656828414,0.08636613655058512,,,,,,
0.4632316158079039,0.08627327786628068,,,,,,
0.46373186593296645,0.08618059446276906,,,,,,
0.464232116058029,0.08608808589468649,,,,,,
0.4647323661830915,0.08599575171808053,,,,,,
0.46523261630815405,0.08590359149040516,,,,,,
0.4657328664332166,0.08581160477051487,,,,,,
0.4662331165582791,0.0857197911186596,,,,,,
0.46673336668334164,0.08562815009647919,,,,,,
0.4672336168084042,0.0855366812669984,,,,,,
0.4677338669334667,0.08544538419462107,,,,,,
0.46823411705852924,0.08535425844512544,,,,,,
0.46873436718359174,0.08526330358565863,,,,,,
0.46875,,,,,,,0.0914207983645858
0.4692346173086543,0.08517251918473137,,,,,,
0.46973486743371684,0.08508190481221291,,,,,,
0.47023511755877934,0.08499146003932577,,,,,,
0.4707353676838419,0.08490118443864073,,,,,,
0.47123561780890444,0.08481107758407151,,,,,,
0.47173586793396693,0.08472113905086998,,,,,,
0.4722361180590295,0.08463136841562048,,,,,,
0.47273636818409204,0.0845417652562355,,,,,,
0.47323661830915453,0.08445232915195026,,,,,,
0.4737368684342171,0.08436305968331766,,,,,,
0.4742371185592796,0.0842739564322034,,,,,,
0.47473736868434213,0.08418501898178102,,,,,,
0.4752376188094047,0.08409624691652694,,,,,,
0.4757378689344672,0.08400763982221543,,,,,,
0.47623811905952973,0.08391919728591403,,,,,,
0.4767383691845923,0.0838309188959782,,,,,,
0.4772386193096548,0.08374280424204684,,,,,,
0.47773886943471733,0.08365485291503741,,,,,,
0.4782391195597799,0.08356706450714099,,,,,,
0.4787393696848424,0.08347943861181754,,,,,,
0.4792396198099049,0.08339197482379108,,,,,,
0.4797398699349674,0.08330467273904522,,,,,,
0.48024012006003,0.08321753195481792,,,,,,
0.4807403701850925,0.08313055206959737,,,,,,
0.481240620310155,0.08304373268311677,,,,,,
0.48174087043521757,0.08295707339635015,,,,,,
0.4822411205602801,0.08287057381150735,,,,,,
0.4827413706853426,0.08278423353202963,,,,,,
0.48324162081040517,0.08269805216258491,,,,,,
0.4837418709354677,0.0826120293090633,,,,,,
0.4842421210605302,0.08252616457857258,,,,,,
0.48474237118559277,0.08244045757943343,,,,,,
0.4852426213106553,0.08235490792117525,,,,,,
0.4857428714357178,0.08226951521453134,,,,,,
0.48624312156078037,0.08218427907143463,,,,,,
0.48674337168584286,0.08209919910501305,,,,,,
0.4872436218109054,0.08201427492958542,,,,,,
0.48774387193596797,0.08192950616065645,,,,,,
0.48824412206103046,0.08184489241491305,,,,,,
0.488744372186093,0.0817604333102193,,,,,,
0.48924462231115556,0.08167612846561254,,,,,,
0.48974487243621806,0.08159197750129885,,,,,,
0.4902451225612806,0.0815079800386486,,,,,,
0.49074537268634316,0.08142413570019243,,,,,,
0.49124562281140566,0.08134044410961679,,,,,,
0.4917458729364682,0.08125690489175962,,,,,,
0.4922461230615307,0.08117351767260622,,,,,,
0.49274637318659326,0.08109028207928502,,,,,,
0.4932466233116558,0.08100719774006329,,,,,,
0.4937468734367183,0.08092426428434295,,,,,,
0.49424712356178085,0.08084148134265652,,,,,,
0.4947473736868434,0.08075884854666275,,,,,,
0.4952476238119059,0.08067636552914277,,,,,,
0.49574787393696845,0.08059403192399563,,,,,,
0.496248124062031,0.08051184736623442,,,,,,
0.4967483741870935,0.08042981149198221,,,,,,
0.49724862431215605,0.08034792393846787,,,,,,
0.49774887443721855,0.08026618434402195,,,,,,
0.4982491245622811,0.08018459234807294,,,,,,
0.49874937468734365,0.08010314759114301,,,,,,
0.49924962481240615,0.08002184971484408,,,,,,
0.4997498749374687,0.0799406983618737,,,,,,
0.5,,,0.15433764477394316,0.11988665753466678,0.1005843035971601,0.09058297939258882,0.0855249236978495
0.5002501250625312,0.0798596931760114,,,,,,
0.5007503751875938,0.07977883380211452,,,,,,
0.5012506253126563,0.07969811988611429,,,,,,
0.5017508754377188,0.07961755107501207,,,,,,
0.5022511255627814,0.07953712701687522,,,,,,
0.5027513756878439,0.07945684736083335,,,,,,
0.5032516258129064,0.07937671175707457,,,,,,
0.503751875937969,0.07929671985684149,,,,,,
0.5042521260630315,0.07921687131242737,,,,,,
0.504752376188094,0.0791371657771725,,,,,,
0.5052526263131566,0.07905760290546002,,,,,,
0.5057528764382191,0.07897818235271284,,,,,,
0.5062531265632816,0.07889890377538904,,,,,,
0.5067533766883441,0.07881976683097872,,,,,,
0.5072536268134067,0.07874077117800003,,,,,,
0.5077538769384692,0.07866191647599546,,,,,,
0.5082541270635317,0.07858320238552828,,,,,,
0.5087543771885943,0.07850462856817865,,,,,,
0.5092546273136568,0.07842619468654016,,,,,,
0.5097548774387193,0.07834790040421603,,,,,,
0.5102551275637819,0.07826974538581553,,,,,,
0.5107553776888444,0.07819172929695034,,,,,,
0.5112556278139069,0.078113851804231,,,,,,
0.5117558779389695,0.07803611257526327,,,,,,
0.512256128064032,0.07795851127864453,,,,,,
0.5127563781890945,0.07788104758396039,,,,,,
0.5132566283141571,0.07780372116178079,,,,,,
0.5137568784392196,0.07772653168365697,,,,,,
0.5142571285642821,0.07764947882211747,,,,,,
0.5147573786893447,0.0775725622506649,,,,,,
0.5152576288144072,0.07749578164377248,,,,,,
0.5157578789394697,0.07741913667688041,,,,,,
0.5162581290645323,0.07734262702639251,,,,,,
0.5167583791895948,0.07726625236967283,,,,,,
0.5172586293146573,0.07719001238504203,,,,,,
0.5177588794397199,0.07711390675177424,,,,,,
0.5182591295647824,0.07703793515009352,,,,,,
0.5187593796898449,0.0769620972611704,,,,,,
0.5192596298149074,0.07688639276711857,,,,,,
0.51975987993997,0.0768108213509917,,,,,,
0.5202601300650325,0.0767353826967798,,,,,,
0.520760380190095,0.07666007648940615,,,,,,
0.5212606303151576,0.07658490241472378,,,,,,
0.5217608804402201,0.0765098601595124,,,,,,
0.5222611305652826,0.07643494941147495,,,,,,
0.5227613806903452,0.07636016985923424,,,,,,
0.5232616308154077,0.07628552119233006,,,,,,
0.5237618809404702,0.07621100310121552,,,,,,
0.5242621310655328,0.07613661527725409,,,,,,
0.5247623811905953,0.07606235741271618,,,,,,
0.5252626313156578,0.07598822920077623,,,,,,
0.5257628814407204,0.07591423033550922,,,,,,
0.5262631315657829,0.07584036051188767,,,,,,
0.5267633816908454,0.07576661942577836,,,,,,
0.527263631815908,0.07569300677393936,,,,,,
0.5277638819409705,0.07561952225401664,,,,,,
0.528264132066033,0.0755461655645413,,,,,,
0.5287643821910956,0.07547293640492597,,,,,,
0.5292646323161581,0.07539983447546215,,,,,,
0.5297648824412206,0.07532685947731696,,,,,,
0.530265132566283,0.07525401111253006,,,,,,
0.5307653826913457,0.07518128908401062,,,,,,
0.53125,,,,,,,0.08025638387970696
0.5312656328164082,0.0751086930955342,,,,,,
0.5317658829414706,0.07503622285173983,,,,,,
0.5322661330665333,0.07496387805812682,,,,,,
0.5327663831915957,0.07489165842105205,,,,,,
0.5332666333166582,0.07481956364772668,,,,,,
0.5337668834417209,0.07474759344621322,,,,,,
0.5342671335667833,0.07467574752542266,,,,,,
0.5347673836918458,0.07460402559511153,,,,,,
0.5352676338169085,0.07453242736587881,,,,,,
0.535767883941971,0.074460952549163,,,,,,
0.5362681340670334,0.07438960085723949,,,,,,
0.536768384192096,0.07431837200321709,,,,,,
0.5372686343171585,0.07424726570103576,,,,,,
0.537768884442221,0.07417628166546333,,,,,,
0.5382691345672836,0.07410541961209265,,,,,,
0.5387693846923461,0.07403467925733889,,,,,,
0.5392696348174086,0.07396406031843661,,,,,,
0.5397698849424712,0.0738935625134367,,,,,,
0.5402701350675337,0.07382318556120407,,,,,,
0.5407703851925962,0.07375292918141424,,,,,,
0.5412706353176588,0.073682793094551,,,,,,
0.5417708854427213,0.07361277702190336,,,,,,
0.5422711355677838,0.07354288068556285,,,,,,
0.5427713856928463,0.07347310380842069,,,,,,
0.5432716358179089,0.07340344611416512,,,,,,
0.5437718859429714,0.0733339073272786,,,,,,
0.5442721360680339,0.07326448717303502,,,,,,
0.5447723861930965,0.07319518537749715,,,,,,
0.545272636318159,0.07312600166751372,,,,,,
0.5457728864432215,0.07305693577071677,,,,,,
0.5462731365682841,0.07298798741551908,,,,,,
0.5467733866933466,0.07291915633111136,,,,,,
0.5472736368184091,0.07285044224745948,,,,,,
0.5477738869434717,0.07278184489530226,,,,,,
0.5482741370685342,0.07271336400614817,,,,,,
0.5487743871935967,0.07264499931227315,,,,,,
0.5492746373186593,0.07257675054671785,,,,,,
0.5497748874437218,0.07250861744328511,,,,,,
0.5502751375687843,0.07244059973653702,,,,,,
0.5507753876938469,0.0723726971617928,,,,,,
0.5512756378189094,0.0723049094551259,,,,,,
0.5517758879439719,0.07223723635336138,,,,,,
0.5522761380690345,0.07216967759407356,,,,,,
0.552776388194097,0.07210223291558338,,,,,,
0.5532766383191595,0.07203490205695579,,,,,,
0.5537768884442221,0.07196768475799731,,,,,,
0.5542771385692846,0.0719005807592534,,,,,,
0.5547773886943471,0.07183358980200603,,,,,,
0.5552776388194096,0.07176671162827122,,,,,,
0.5557778889444722,0.07169994598079625,,,,,,
0.5562781390695347,0.0716332926030577,,,,,,
0.5567783891945972,0.07156675123925846,,,,,,
0.5572786393196598,0.07150032163432546,,,,,,
0.5577788894447223,0.07143400353390747,,,,,,
0.5582791395697848,0.07136779668437215,,,,,,
0.5587793896948474,0.071301700832804,,,,,,
0.5592796398199099,0.07123571572700185,,,,,,
0.5597798899449724,0.07116984111547633,,,,,,
0.560280140070035,0.07110407674744756,,,,,,
0.5607803901950975,0.07103842237284279,,,,,,
0.56128064032016,0.0709728777422939,,,,,,
0.5617808904452226,0.0709074426071351,,,,,,
0.5622811405702851,0.07084211671940055,,,,,,
0.5625,,,,,,0.07983158722983894,0.07552936130719476
0.5627813906953476,0.07077689983182198,,,,,,
0.5632816408204102,0.07071179169782629,,,,,,
0.5637818909454727,0.07064679207153343,,,,,,
0.5642821410705352,0.07058190070775376,,,,,,
0.5647823911955978,0.0705171173619859,,,,,,
0.5652826413206603,0.07045244179041447,,,,,,
0.5657828914457228,0.07038787374990767,,,,,,
0.5662831415707853,0.070323412998015,,,,,,
0.5667833916958479,0.07025905929296498,,,,,,
0.5672836418209104,0.07019481239366301,,,,,,
0.5677838919459729,0.07013067205968884,,,,,,
0.5682841420710355,0.07006663805129455,,,,,,
0.568784392196098,0.07000271012940222,,,,,,
0.5692846423211605,0.06993888805560156,,,,,,
0.5697848924462231,0.06987517159214789,,,,,,
0.5702851425712856,0.06981156050195987,,,,,,
0.5707853926963481,0.0697480545486171,,,,,,
0.5712856428214107,0.06968465349635812,,,,,,
0.5717858929464732,0.06962135711007814,,,,,,
0.5722861430715357,0.06955816515532685,,,,,,
0.5727863931965983,0.06949507739830629,,,,,,
0.5732866433216608,0.06943209360586854,,,,,,
0.5737868934467233,0.06936921354551373,,,,,,
0.5742871435717859,0.0693064369853877,,,,,,
0.5747873936968484,0.06924376369428005,,,,,,
0.5752876438219109,0.06918119344162195,,,,,,
0.5757878939469735,0.06911872599748384,,,,,,
0.576288144072036,0.06905636113257348,,,,,,
0.5767883941970985,0.06899409861823387,,,,,,
0.5772886443221611,0.06893193822644098,,,,,,
0.5777888944472236,0.0688698797298018,,,,,,
0.5782891445722861,0.06880792290155219,,,,,,
0.5787893946973486,0.06874606751555475,,,,,,
0.5792896448224112,0.06868431334629681,,,,,,
0.5797898949474737,0.06862266016888847,,,,,,
0.5802901450725362,0.06856110775906035,,,,,,
0.5807903951975988,0.06849965589316162,,,,,,
0.5812906453226613,0.06843830434815792,,,,,,
0.5817908954477238,0.06837705290162947,,,,,,
0.5822911455727864,0.06831590133176887,,,,,,
0.5827913956978489,0.06825484941737925,,,,,,
0.5832916458229114,0.06819389693787202,,,,,,
0.583791895947974,0.06813304367326517,,,,,,
0.5842921460730365,0.06807228940418109,,,,,,
0.584792396198099,0.06801163391184453,,,,,,
0.5852926463231616,0.06795107697808081,,,,,,
0.5857928964482241,0.06789061838531371,,,,,,
0.5862931465732866,0.06783025791656364,,,,,,
0.5867933966983492,0.06776999535544535,,,,,,
0.5872936468234117,0.06770983048616658,,,,,,
0.5877938969484742,0.06764976309352544,,,,,,
0.5882941470735368,0.06758979296290896,,,,,,
0.5887943971985993,0.06752991988029108,,,,,,
0.5892946473236618,0.06747014363223044,,,,,,
0.5897948974487243,0.06741046400586889,,,,,,
0.5902951475737869,0.06735088078892926,,,,,,
0.5907953976988494,0.06729139376971369,,,,,,
0.5912956478239119,0.06723200273710155,,,,,,
0.5917958979489745,0.06717270748054768,,,,,,
0.592296148074037,0.0671135077900805,,,,,,
0.5927963981990995,0.06705440345630014,,,,,,
0.5932966483241621,0.06699539427037651,,,,,,
0.59375,,,,,,,0.07127207231738725
0.5937968984492246,0.06693648002404755,,,,,,
0.5942971485742871,0.06687766050961737,,,,,,
0.5947973986993497,0.06681893551995423,,,,,,
0.5952976488244122,0.066760304848489,,,,,,
0.5957978989494747,0.06670176828921318,,,,,,
0.5962981490745373,0.06664332563667702,,,,,,
0.5967983991995998,0.0665849766859878,,,,,,
0.5972986493246623,0.06652672123280816,,,,,,
0.5977988994497249,0.06646855907335382,,,,,,
0.5982991495747874,0.0664104900043925,,,,,,
0.5987993996998499,0.06635251382324149,,,,,,
0.5992996498249125,0.06629463032776622,,,,,,
0.599799899949975,0.06623683931637851,,,,,,
0.6003001500750375,0.0661791405880345,,,,,,
0.6008004002001001,0.06612153394223319,,,,,,
0.6013006503251626,0.06606401917901468,,,,,,
0.601800900450225,0.06600659609895825,,,,,,
0.6023011505752875,0.06594926450318078,,,,,,
0.6028014007003502,0.06589202419333492,,,,,,
0.6033016508254126,0.0658348749716073,,,,,,
0.6038019009504751,0.06577781664071716,,,,,,
0.6043021510755378,0.0657208490039141,,,,,,
0.6048024012006002,0.06566397186497695,,,,,,
0.6053026513256627,0.0656071850282116,,,,,,
0.6058029014507254,0.06555048829844953,,,,,,
0.6063031515757878,0.06549388148104617,,,,,,
0.6068034017008503,0.06543736438187907,,,,,,
0.607303651825913,0.06538093680734632,,,,,,
0.6078039019509754,0.06532459856436487,,,,,,
0.6083041520760379,0.06526834946036893,,,,,,
0.6088044022011005,0.06521218930330804,,,,,,
0.609304652326163,0.0651561179016459,,,,,,
0.6098049024512255,0.06510013506435831,,,,,,
0.6103051525762881,0.06504424060093165,,,,,,
0.6108054027013506,0.06498843432136142,,,,,,
0.6113056528264131,0.06493271603615035,,,,,,
0.6118059029514757,0.06487708555630703,,,,,,
0.6123061530765382,0.06482154269334406,,,,,,
0.6128064032016007,0.06476608725927671,,,,,,
0.6133066533266633,0.06471071906662103,,,,,,
0.6138069034517258,0.06465543792839251,,,,,,
0.6143071535767883,0.06460024365810432,,,,,,
0.6148074037018508,0.0645451360697659,,,,,,
0.6153076538269134,0.06449011497788117,,,,,,
0.6158079039519759,0.06443518019744705,,,,,,
0.6163081540770384,0.06438033154395206,,,,,,
0.616808404202101,0.06432556883337447,,,,,,
0.6173086543271635,0.06427089188218106,,,,,,
0.617808904452226,0.06421630050732524,,,,,,
0.6183091545772886,0.06416179452624572,,,,,,
0.6188094047023511,0.06410737375686508,,,,,,
0.6193096548274136,0.06405303801758784,,,,,,
0.6198099049524762,0.06399878712729941,,,,,,
0.6203101550775387,0.06394462090536424,,,,,,
0.6208104052026012,0.0638905391716244,,,,,,
0.6213106553276638,0.06383654174639825,,,,,,
0.6218109054527263,0.06378262845047858,,,,,,
0.6223111555777888,0.06372879910513148,,,,,,
0.6228114057028514,0.06367505353209453,,,,,,
0.6233116558279139,0.0636213915535756,,,,,,
0.6238119059529764,0.06356781299225112,,,,,,
0.624312156078039,0.0635143176712649,,,,,,
0.6248124062031015,0.06346090541422628,,,,,,
0.625,,,,,0.07855757633713026,0.07109964410289032,0.06742410895498199
0.625312656328164,0.06340757604520905,,,,,,
0.6258129064532265,0.06335432938874971,,,,,,
0.6263131565782891,0.06330116526984604,,,,,,
0.6268134067033516,0.06324808351395605,,,,,,
0.6273136568284141,0.06319508394699594,,,,,,
0.6278139069534767,0.06314216639533896,,,,,,
0.6283141570785392,0.0630893306858141,,,,,,
0.6288144072036017,0.06303657664570454,,,,,,
0.6293146573286643,0.06298390410274601,,,,,,
0.6298149074537268,0.06293131288512581,,,,,,
0.6303151575787893,0.0628788028214811,,,,,,
0.6308154077038519,0.06282637374089749,,,,,,
0.6313156578289144,0.06277402547290784,,,,,,
0.6318159079539769,0.06272175784749068,,,,,,
0.6323161580790395,0.06266957069506884,,,,,,
0.632816408204102,0.06261746384650815,,,,,,
0.6333166583291645,0.06256543713311609,,,,,,
0.6338169084542271,0.06251349038664028,,,,,,
0.6343171585792896,0.0624616234392671,,,,,,
0.6348174087043521,0.06240983612362054,,,,,,
0.6353176588294147,0.062358128272760605,,,,,,
0.6358179089544772,0.062306499720182026,,,,,,
0.6363181590795397,0.06225495029981305,,,,,,
0.6368184092046023,0.06220347984601388,,,,,,
0.6373186593296648,0.062152088193575594,,,,,,
0.6378189094547273,0.06210077517771838,,,,,,
0.6383191595797898,0.06204954063409069,,,,,,
0.6388194097048524,0.061998384398767634,,,,,,
0.6393196598299149,0.06194730630824974,,,,,,
0.6398199099549774,0.06189630619946168,,,,,,
0.64032016008004,0.061845383909750785,,,,,,
0.6408204102051025,0.06179453927688596,,,,,,
0.641320660330165,0.06174377213905618,,,,,,
0.6418209104552276,0.06169308233486938,,,,,,
0.6423211605802901,0.06164246970335107,,,,,,
0.6428214107053526,0.06159193408394298,,,,,,
0.6433216608304152,0.06154147531650187,,,,,,
0.6438219109554777,0.06149109324129829,,,,,,
0.6443221610805402,0.061440787699015224,,,,,,
0.6448224112056028,0.06139055853074678,,,,,,
0.6453226613306653,0.06134040557799701,,,,,,
0.6458229114557278,0.06129032868267868,,,,,,
0.6463231615807904,0.06124032768711188,,,,,,
0.6468234117058529,0.061190402434022885,,,,,,
0.6473236618309154,0.061140552766543,,,,,,
0.647823911955978,0.06109077852820688,,,,,,
0.6483241620810405,0.06104107956295194,,,,,,
0.648824412206103,0.06099145571511664,,,,,,
0.6493246623311655,0.06094190682943933,,,,,,
0.6498249124562281,0.060892432751057206,,,,,,
0.6503251625812906,0.060843033325505017,,,,,,
0.6508254127063531,0.06079370839871361,,,,,,
0.6513256628314157,0.060744457817009156,,,,,,
0.6518259129564782,0.06069528142711155,,,,,,
0.6523261630815407,0.06064617907613351,,,,,,
0.6528264132066033,0.060597150611579054,,,,,,
0.6533266633316658,0.060548195881342616,,,,,,
0.6538269134567283,0.06049931473370764,,,,,,
0.6543271635817909,0.060450507017345605,,,,,,
0.6548274137068534,0.06040177258131454,,,,,,
0.6553276638319159,0.060353111275058234,,,,,,
0.6558279139569785,0.06030452294840464,,,,,,
0.65625,,,,,,,0.06393435380807902
0.656328164082041,0.060256007451565056,,,,,,
0.6568284142071035,0.060207564635132785,,,,,,
0.6573286643321661,0.060159194350081976,,,,,,
0.6578289144572286,0.06011089644776662,,,,,,
0.6583291645822911,0.060062670779919045,,,,,,
0.6588294147073537,0.06001451719864926,,,,,,
0.6593296648324162,0.059966435556443376,,,,,,
0.6598299149574787,0.05991842570616281,,,,,,
0.6603301650825413,0.05987048750104271,,,,,,
0.6608304152076038,0.05982262079469138,,,,,,
0.6613306653326663,0.059774825441088725,,,,,,
0.6618309154577288,0.05972710129458525,,,,,,
0.6623311655827914,0.05967944820990098,,,,,,
0.6628314157078539,0.05963186604212434,,,,,,
0.6633316658329164,0.05958435464671104,,,,,,
0.663831915957979,0.05953691387948283,,,,,,
0.6643321660830415,0.059489543596626664,,,,,,
0.664832416208104,0.05944224365469327,,,,,,
0.6653326663331666,0.059395013910596435,,,,,,
0.6658329164582291,0.05934785422161151,,,,,,
0.6663331665832916,0.05930076444537471,,,,,,
0.6668334167083542,0.05925374443988163,,,,,,
0.6673336668334167,0.059206794063486584,,,,,,
0.6678339169584792,0.0591599131749011,,,,,,
0.6683341670835418,0.059113101633193194,,,,,,
0.6688344172086043,0.05906635929778615,,,,,,
0.6693346673336668,0.05901968602845741,,,,,,
0.6698349174587294,0.0589730816853376,,,,,,
0.6703351675837919,0.05892654612890941,,,,,,
0.6708354177088544,0.05888007922000668,,,,,,
0.671335667833917,0.058833680819812995,,,,,,
0.6718359179589795,0.058787350789861186,,,,,,
0.672336168084042,0.05874108899203171,,,,,,
0.6728364182091046,0.05869489528855203,,,,,,
0.673336668334167,0.05864876954199535,,,,,,
0.6738369184592296,0.05860271161527969,,,,,,
0.674337168584292,0.05855672137166676,,,,,,
0.6748374187093547,0.05851079867476109,,,,,,
0.6753376688344171,0.05846494338850885,,,,,,
0.6758379189594796,0.05841915537719688,,,,,,
0.6763381690845423,0.05837343450545172,,,,,,
0.6768384192096047,0.058327780638238555,,,,,,
0.6773386693346672,0.058282193640860194,,,,,,
0.6778389194597298,0.05823667337895606,,,,,,
0.6783391695847923,0.058191219718501296,,,,,,
0.6788394197098548,0.05814583252580563,,,,,,
0.6793396698349174,0.058100511667512456,,,,,,
0.6798399199599799,0.058055257010597765,,,,,,
0.6803401700850424,0.05801006842236929,,,,,,
0.680840420210105,0.05796494577046538,,,,,,
0.6813406703351675,0.05791988892285412,,,,,,
0.68184092046023,0.05787489774783232,,,,,,
0.6823411705852926,0.05782997211402452,,,,,,
0.6828414207103551,0.057785111890382,,,,,,
0.6833416708354176,0.05774031694618196,,,,,,
0.6838419209604802,0.05769558715102626,,,,,,
0.6843421710855427,0.0576509223748409,,,,,,
0.6848424212106052,0.05760632248787451,,,,,,
0.6853426713356677,0.057561787360697954,,,,,,
0.6858429214607303,0.05751731686420292,,,,,,
0.6863431715857928,0.057472910869601226,,,,,,
0.6868434217108553,0.057428569248423995,,,,,,
0.6873436718359179,0.057384291872520206,,,,,,
0.6875,,,,,,0.06391471958573383,0.060759329029575385
0.6878439219609804,0.05734007861405632,,,,,,
0.6883441720860429,0.05729592934551506,,,,,,
0.6888444222111055,0.05725184393969452,,,,,,
0.689344672336168,0.05720782226970726,,,,,,
0.6898449224612305,0.05716386420897934,,,,,,
0.6903451725862931,0.057119969631249407,,,,,,
0.6908454227113556,0.05707613841056784,,,,,,
0.6913456728364181,0.05703237042129579,,,,,,
0.6918459229614807,0.056988665538104236,,,,,,
0.6923461730865432,0.05694502363597315,,,,,,
0.6928464232116057,0.05690144459019048,,,,,,
0.6933466733366683,0.05685792827635132,,,,,,
0.6938469234617308,0.05681447457035708,,,,,,
0.6943471735867933,0.05677108334841446,,,,,,
0.6948474237118559,0.056727754487034564,,,,,,
0.6953476738369184,0.05668448786303213,,,,,,
0.6958479239619809,0.0566412833535245,,,,,,
0.6963481740870435,0.05659814083593086,,,,,,
0.696848424212106,0.0565550601879712,,,,,,
0.6973486743371685,0.05651204128766565,,,,,,
0.697848924462231,0.05646908401333334,,,,,,
0.6983491745872936,0.05642618824359188,,,,,,
0.6988494247123561,0.056383353857356065,,,,,,
0.6993496748374186,0.05634058073383739,,,,,,
0.6998499249624812,0.05629786875254285,,,,,,
0.7003501750875437,0.05625521779327449,,,,,,
0.7008504252126062,0.05621262773612799,,,,,,
0.7013506753376688,0.05617009846149249,,,,,,
0.7018509254627313,0.05612762985004907,,,,,,
0.7023511755877938,0.05608522178277035,,,,,,
0.7028514257128564,0.0560428741409194,,,,,,
0.7033516758379189,0.05600058680604913,,,,,,
0.7038519259629814,0.055958359660001226,,,,,,
0.704352176088044,0.055916192584905336,,,,,,
0.7048524262131065,0.0558740854631785,,,,,,
0.705352676338169,0.05583203817752388,,,,,,
0.7058529264632316,0.05579005061093025,,,,,,
0.7063531765882941,0.05574812264667116,,,,,,
0.7068534267133566,0.05570625416830396,,,,,,
0.7073536768384192,0.055664445059669006,,,,,,
0.7078539269634817,0.05562269520488893,,,,,,
0.7083541770885442,0.05558100448836792,,,,,,
0.7088544272136067,0.05553937279479052,,,,,,
0.7093546773386693,0.05549780000912121,,,,,,
0.7098549274637318,0.055456286016603504,,,,,,
0.7103551775887943,0.05541483070275897,,,,,,
0.7108554277138569,0.05537343395338661,,,,,,
0.7113556778389194,0.05533209565456211,,,,,,
0.7118559279639819,0.05529081569263668,,,,,,
0.7123561780890445,0.055249593954236814,,,,,,
0.712856428214107,0.055208430326262964,,,,,,
0.7133566783391695,0.05516732469588916,,,,,,
0.7138569284642321,0.05512627695056199,,,,,,
0.7143571785892946,0.05508528697799982,,,,,,
0.7148574287143571,0.055044354666192195,,,,,,
0.7153576788394197,0.05500347990339879,,,,,,
0.7158579289644822,0.054962662578148955,,,,,,
0.7163581790895447,0.054921902579240595,,,,,,
0.7168584292146073,0.0548811997957397,,,,,,
0.7173586793396698,0.054840554116979356,,,,,,
0.7178589294647323,0.05479996543255923,,,,,,
0.7183591795897949,0.05475943363234438,,,,,,
0.71875,,,,,,,0.05786187809590755
0.7188594297148574,0.05471895860646508,,,,,,
0.7193596798399199,0.0546785402453155,,,,,,
0.7198599299649825,0.05463817843955332,,,,,,
0.720360180090045,0.05459787308009882,,,,,,
0.7208604302151075,0.054557624058134184,,,,,,
0.72136068034017,0.05451743126510273,,,,,,
0.7218609304652326,0.05447729459270811,,,,,,
0.7223611805902951,0.0544372139329137,,,,,,
0.7228614307153576,0.05439718917794174,,,,,,
0.7233616808404202,0.05435722022027263,,,,,,
0.7238619309654827,0.05431730695264427,,,,,,
0.7243621810905452,0.054277449268051205,,,,,,
0.7248624312156078,0.054237647059743946,,,,,,
0.7253626813406703,0.05419790022122825,,,,,,
0.7258629314657328,0.05415820864626443,,,,,,
0.7263631815907954,0.054118572228866464,,,,,,
0.7268634317158579,0.0540789908633016,,,,,,
0.7273636818409204,0.05403946444408932,,,,,,
0.727863931965983,0.053999992866000705,,,,,,
0.7283641820910455,0.05396057602405786,,,,,,
0.728864432216108,0.05392121381353303,,,,,,
0.7293646823411706,0.05388190612994789,,,,,,
0.7298649324662331,0.05384265286907315,,,,,,
0.7303651825912956,0.053803453926927355,,,,,,
0.7308654327163582,0.053764309199776525,,,,,,
0.7313656828414207,0.053725218584133434,,,,,,
0.7318659329664832,0.053686181976756765,,,,,,
0.7323661830915458,0.053647199274650476,,,,,,
0.7328664332166083,0.0536082703750632,,,,,,
0.7333666833416708,0.05356939517548747,,,,,,
0.7338669334667333,0.05353057357365895,,,,,,
0.7343671835917959,0.05349180546755595,,,,,,
0.7348674337168584,0.05345309075539865,,,,,,
0.7353676838419209,0.053414429335648154,,,,,,
0.7358679339669835,0.05337582110700634,,,,,,
0.736368184092046,0.05333726596841479,,,,,,
0.7368684342171085,0.053298763819054205,,,,,,
0.7373686843421711,0.05326031455834376,,,,,,
0.7378689344672336,0.05322191808594044,,,,,,
0.7383691845922961,0.053183574301738305,,,,,,
0.7388694347173587,0.053145283105867934,,,,,,
0.7393696848424212,0.05310704439869564,,,,,,
0.7398699349674837,0.05306885808082292,,,,,,
0.7403701850925463,0.05303072405308572,,,,,,
0.7408704352176088,0.05299264221655382,,,,,,
0.7413706853426713,0.0529546124725301,,,,,,
0.7418709354677339,0.05291663472254999,,,,,,
0.7423711855927964,0.05287870886838075,,,,,,
0.7428714357178589,0.05284083481202086,,,,,,
0.7433716858429215,0.052803012455699384,,,,,,
0.743871935967984,0.05276524170187523,,,,,,
0.7443721860930465,0.05272752245323663,,,,,,
0.744872436218109,0.05268985461270035,,,,,,
0.7453726863431716,0.05265223808341136,,,,,,
0.745872936468234,0.052614672768741676,,,,,,
0.7463731865932965,0.052577158572290277,,,,,,
0.7468734367183592,0.05253969539788216,,,,,,
0.7473736868434216,0.052502283149567716,,,,,,
0.7478739369684841,0.0524649217316222,,,,,,
0.7483741870935467,0.05242761104854514,,,,,,
0.7488744372186092,0.05239035100505951,,,,,,
0.7493746873436717,0.052353141506111305,,,,,,
0.7498749374687343,0.05231598245686882,,,,,,
0.75,,,,0.07531207491482941,0.06355544931549521,0.05793271298641353,0.055210105181719114
0.7503751875937968,0.05227887376272214,,,,,,
0.7508754377188593,0.05224181532928231,,,,,,
0.751375687843922,0.052204807062381044,,,,,,
0.7518759379689844,0.052167848868069765,,,,,,
0.7523761880940469,0.05213094065261921,,,,,,
0.7528764382191095,0.05209408232251878,,,,,,
0.753376688344172,0.05205727378447597,,,,,,
0.7538769384692345,0.05202051494541553,,,,,,
0.7543771885942971,0.05198380571247923,,,,,,
0.7548774387193596,0.05194714599302509,,,,,,
0.7553776888444221,0.051910535694626656,,,,,,
0.7558779389694847,0.0518739747250725,,,,,,
0.7563781890945472,0.05183746299236576,,,,,,
0.7568784392196097,0.05180100040472339,,,,,,
0.7573786893446722,0.05176458687057552,,,,,,
0.7578789394697348,0.051728222298564996,,,,,,
0.7583791895947973,0.05169190659754688,,,,,,
0.7588794397198598,0.05165563967658752,,,,,,
0.7593796898449224,0.05161942144496433,,,,,,
0.7598799399699849,0.051583251812165026,,,,,,
0.7603801900950474,0.05154713068788701,,,,,,
0.76088044022011,0.05151105798203695,,,,,,
0.7613806903451725,0.051475033604730096,,,,,,
0.761880940470235,0.05143905746628969,,,,,,
0.7623811905952976,0.05140312947724646,,,,,,
0.7628814407203601,0.05136724954833799,,,,,,
0.7633816908454226,0.05133141759050826,,,,,,
0.7638819409704852,0.05129563351490681,,,,,,
0.7643821910955477,0.05125989723288858,,,,,,
0.7648824412206102,0.05122420865601303,,,,,,
0.7653826913456728,0.05118856769604364,,,,,,
0.7658829414707353,0.05115297426494748,,,,,,
0.7663831915957978,0.05111742827489443,,,,,,
0.7668834417208604,0.05108192963825694,,,,,,
0.7673836918459229,0.05104647826760906,,,,,,
0.7678839419709854,0.05101107407572637,,,,,,
0.7683841920960479,0.050975716975584937,,,,,,
0.7688844422211105,0.05094040688036119,,,,,,
0.769384692346173,0.050905143703431056,,,,,,
0.7698849424712355,0.05086992735836961,,,,,,
0.7703851925962981,0.05083475775895045,,,,,,
0.7708854427213606,0.05079963481914518,,,,,,
0.7713856928464231,0.05076455845312284,,,,,,
0.7718859429714857,0.050729528575249414,,,,,,
0.7723861930965482,0.05069454510008723,,,,,,
0.7728864432216107,0.05065960794239453,,,,,,
0.7733866933466733,0.05062471701712476,,,,,,
0.7738869434717358,0.05058987223942628,,,,,,
0.7743871935967983,0.05055507352464155,,,,,,
0.7748874437218609,0.05052032078830683,,,,,,
0.7753876938469234,0.050485613946151614,,,,,,
0.7758879439719859,0.050450952914097937,,,,,,
0.7763881940970485,0.05041633760826013,,,,,,
0.776888444222111,0.05038176794494402,,,,,,
0.7773886943471735,0.05034724384064662,,,,,,
0.7778889444722361,0.05031276521205545,,,,,,
0.7783891945972986,0.050278331976048224,,,,,,
0.7788894447223611,0.050243944049692,,,,,,
0.7793896948474237,0.05020960135024302,,,,,,
0.7798899449724862,0.05017530379514608,,,,,,
0.7803901950975487,0.05014105130203385,,,,,,
0.7808904452226112,0.050106843788726624,,,,,,
0.78125,,,,,,,0.05277651584043345
0.7813906953476738,0.050072681173231645,,,,,,
0.7818909454727363,0.05003856337374265,,,,,,
0.7823911955977988,0.0500044903086393,,,,,,
0.7828914457228614,0.049970461896486865,,,,,,
0.7833916958479239,0.04993647805603552,,,,,,
0.7838919459729864,0.0499025387062199,,,,,,
0.784392196098049,0.04986864376615871,,,,,,
0.7848924462231115,0.04983479315515407,,,,,,
0.785392696348174,0.04980098679269111,,,,,,
0.7858929464732366,0.049767224598437465,,,,,,
0.7863931965982991,0.04973350649224275,,,,,,
0.7868934467233616,0.04969983239413818,,,,,,
0.7873936968484242,0.04966620222433587,,,,,,
0.7878939469734867,0.04963261590322861,,,,,,
0.7883941970985492,0.049599073351389196,,,,,,
0.7888944472236118,0.04956557448956991,,,,,,
0.7893946973486743,0.04953211923870226,,,,,,
0.7898949474737368,0.04949870751989621,,,,,,
0.7903951975987994,0.04946533925444008,,,,,,
0.7908954477238619,0.04943201436379967,,,,,,
0.7913956978489244,0.049398732769617884,,,,,,
0.791895947973987,0.049365494393714536,,,,,,
0.7923961980990495,0.049332299158085464,,,,,,
0.792896448224112,0.049299146984902384,,,,,,
0.7933966983491745,0.04926603779651229,,,,,,
0.7938969484742371,0.04923297151543694,,,,,,
0.7943971985992996,0.04919994806437241,,,,,,
0.7948974487243621,0.049166967366188696,,,,,,
0.7953976988494247,0.04913402934392926,,,,,,
0.7958979489744872,0.049101133920810405,,,,,,
0.7963981990995497,0.04906828102022101,,,,,,
0.7968984492246123,0.049035470565721904,,,,,,
0.7973986993496748,0.04900270248104556,,,,,,
0.7978989494747373,0.04896997669009549,,,,,,
0.7983991995997999,0.04893729311694593,,,,,,
0.7988994497248624,0.04890465168584127,,,,,,
0.7993996998499249,0.048872052321195646,,,,,,
0.7998999499749875,0.048839494947592446,,,,,,
0.80040020010005,0.04880697948978399,,,,,,
0.8009004502251125,0.048774505872690874,,,,,,
0.8014007003501751,0.04874207402140185,,,,,,
0.8019009504752376,0.04870968386117288,,,,,,
0.8024012006003001,0.048677335317427226,,,,,,
0.8029014507253627,0.04864502831575454,,,,,,
0.8034017008504252,0.048612762781910866,,,,,,
0.8039019509754877,0.04858053864181777,,,,,,
0.8044022011005502,0.04854835582156224,,,,,,
0.8049024512256128,0.04851621424739608,,,,,,
0.8054027013506753,0.04848411384573544,,,,,,
0.8059029514757378,0.04845205454316046,,,,,,
0.8064032016008004,0.048420036266414945,,,,,,
0.8069034517258629,0.048388058942405644,,,,,,
0.8074037018509254,0.048356122498202044,,,,,,
0.807903951975988,0.04832422686103587,,,,,,
0.8084042021010505,0.04829237195830069,,,,,,
0.808904452226113,0.0482605577175514,,,,,,
0.8094047023511756,0.048228784066503924,,,,,,
0.8099049524762381,0.04819705093303461,,,,,,
0.8104052026013006,0.0481653582451801,,,,,,
0.8109054527263632,0.048133705931136556,,,,,,
0.8114057028514257,0.04810209391925947,,,,,,
0.8119059529764882,0.048070522138063246,,,,,,
0.8124062031015508,0.048038990516220514,,,,,,
0.8125,,,,,,0.05289861656563682,0.05053731631464762
0.8129064532266133,0.04800749898256218,,,,,,
0.8134067033516758,0.04797604746607655,,,,,,
0.8139069534767384,0.04794463589590916,,,,,,
0.8144072036018009,0.047913264201362396,,,,,,
0.8149074537268634,0.047881932311894825,,,,,,
0.815407703851926,0.04785064015712115,,,,,,
0.8159079539769885,0.047819387666811486,,,,,,
0.816408204102051,0.047788174770891104,,,,,,
0.8169084542271134,0.04775700139943995,,,,,,
0.817408704352176,0.047725867482692384,,,,,,
0.8179089544772385,0.04769477295103659,,,,,,
0.818409204602301,0.047663717735014204,,,,,,
0.8189094547273637,0.04763270176532013,,,,,,
0.8194097048524261,0.047601724972801775,,,,,,
0.8199099549774886,0.047570787288459024,,,,,,
0.8204102051025512,0.04753988864344353,,,,,,
0.8209104552276137,0.047509028969058474,,,,,,
0.8214107053526762,0.047478208196758194,,,,,,
0.8219109554777388,0.04744742625814766,,,,,,
0.8224112056028013,0.04741668308498227,,,,,,
0.8229114557278638,0.04738597860916723,,,,,,
0.8234117058529264,0.04735531276275734,,,,,,
0.8239119559779889,0.047324685477956555,,,,,,
0.8244122061030514,0.04729409668711753,,,,,,
0.824912456228114,0.04726354632274126,,,,,,
0.8254127063531765,0.04723303431747684,,,,,,
0.825912956478239,0.04720256060412089,,,,,,
0.8264132066033016,0.04717212511561714,,,,,,
0.8269134567283641,0.047141727785056306,,,,,,
0.8274137068534266,0.04711136854567546,,,,,,
0.8279139569784892,0.0470810473308577,,,,,,
0.8284142071035517,0.04705076407413194,,,,,,
0.8289144572286142,0.04702051870917227,,,,,,
0.8294147073536767,0.046990311169797676,,,,,,
0.8299149574787393,0.046960141389971774,,,,,,
0.8304152076038018,0.046930009303802395,,,,,,
0.8309154577288643,0.046899914845541076,,,,,,
0.8314157078539269,0.04686985794958276,,,,,,
0.8319159579789894,0.046839838550465536,,,,,,
0.8324162081040519,0.04680985658287016,,,,,,
0.8329164582291145,0.046779911981619585,,,,,,
0.833416708354177,0.04675000468167885,,,,,,
0.8339169584792395,0.04672013461815446,,,,,,
0.8344172086043021,0.046690301726294216,,,,,,
0.8349174587293646,0.046660505941486734,,,,,,
0.8354177088544271,0.046630747199261066,,,,,,
0.8359179589794897,0.04660102543528639,,,,,,
0.8364182091045522,0.04657134058537172,,,,,,
0.8369184592296147,0.04654169258546537,,,,,,
0.8374187093546773,0.04651208137165472,,,,,,
0.8379189594797398,0.046482506880165864,,,,,,
0.8384192096048023,0.04645296904736312,,,,,,
0.8389194597298649,0.046423467809748827,,,,,,
0.8394197098549274,0.046394003103962966,,,,,,
0.8399199599799899,0.04636457486678268,,,,,,
0.8404202101050524,0.04633518303512208,,,,,,
0.840920460230115,0.04630582754603172,,,,,,
0.8414207103551775,0.04627650833669853,,,,,,
0.84192096048024,0.046247225344445066,,,,,,
0.8424212106053026,0.04621797850672952,,,,,,
0.8429214607303651,0.04618876776114517,,,,,,
0.8434217108554276,0.04615959304542012,,,,,,
0.84375,,,,,,,0.04847183880921059
0.8439219609804902,0.046130454297416926,,,,,,
0.8444222111055527,0.046101351455132195,,,,,,
0.8449224612306152,0.04607228445669635,,,,,,
0.8454227113556778,0.04604325324037323,,,,,,
0.8459229614807403,0.04601425774455973,,,,,,
0.8464232116058028,0.04598529790778546,,,,,,
0.8469234617308654,0.04595637366871249,,,,,,
0.8474237118559279,0.04592748496613486,,,,,,
0.8479239619809904,0.04589863173897837,,,,,,
0.848424212106053,0.04586981392630026,,,,,,
0.8489244622311155,0.0458410314672887,,,,,,
0.849424712356178,0.045812284301262676,,,,,,
0.8499249624812406,0.04578357236767145,,,,,,
0.8504252126063031,0.04575489560609441,,,,,,
0.8509254627313656,0.045726253956240595,,,,,,
0.8514257128564282,0.04569764735794844,,,,,,
0.8519259629814907,0.04566907575118545,,,,,,
0.8524262131065532,0.045640539076047856,,,,,,
0.8529264632316157,0.0456120372727602,,,,,,
0.8534267133566783,0.045583570281675145,,,,,,
0.8539269634817408,0.0455551380432732,,,,,,
0.8544272136068033,0.045526740498161994,,,,,,
0.8549274637318659,0.04549837758707661,,,,,,
0.8554277138569284,0.04547004925087856,,,,,,
0.8559279639819909,0.045441755430556036,,,,,,
0.8564282141070535,0.04541349606722327,,,,,,
0.856928464232116,0.04538527110212025,,,,,,
0.8574287143571785,0.045357080476612466,,,,,,
0.8579289644822411,0.04532892413219065,,,,,,
0.8584292146073036,0.04530080201047022,,,,,,
0.8589294647323661,0.04527271405319128,,,,,,
0.8594297148574287,0.045244660202218095,,,,,,
0.8599299649824912,0.04521664039953874,,,,,,
0.8604302151075537,0.04518865458726499,,,,,,
0.8609304652326163,0.04516070270763182,,,,,,
0.8614307153576788,0.0451327847029972,,,,,,
0.8619309654827413,0.045104900515841685,,,,,,
0.8624312156078039,0.04507705008876824,,,,,,
0.8629314657328664,0.045049233364501805,,,,,,
0.8634317158579289,0.04502145028588909,,,,,,
0.8639319659829914,0.0449937007958981,,,,,,
0.864432216108054,0.044965984837618135,,,,,,
0.8649324662331165,0.04493830235425909,,,,,,
0.865432716358179,0.04491065328915141,,,,,,
0.8659329664832416,0.044883037585745834,,,,,,
0.8664332166083041,0.044855455187612886,,,,,,
0.8669334667333666,0.04482790603844264,,,,,,
0.8674337168584292,0.04480039008204462,,,,,,
0.8679339669834917,0.044772907262347096,,,,,,
0.8684342171085542,0.04474545752339718,,,,,,
0.8689344672336168,0.044718040809360336,,,,,,
0.8694347173586793,0.0446906570645201,,,,,,
0.8699349674837418,0.04466330623327777,,,,,,
0.8704352176088044,0.04463598826015213,,,,,,
0.8709354677338669,0.04460870308977927,,,,,,
0.8714357178589294,0.04458145066691207,,,,,,
0.871935967983992,0.04455423093642001,,,,,,
0.8724362181090545,0.04452704384328889,,,,,,
0.872936468234117,0.04449988933262066,,,,,,
0.8734367183591796,0.04447276734963282,,,,,,
0.8739369684842421,0.04444567783965842,,,,,,
0.8744372186093046,0.04441862074814568,,,,,,
0.8749374687343672,0.044391596020657544,,,,,,
0.875,,,,,0.052921881458643676,0.048620549097402904,0.04656206749341392
0.8754377188594297,0.04436460360287174,,,,,,
0.8759379689844922,0.044337643440580075,,,,,,
0.8764382191095547,0.044310715479688505,,,,,,
0.8769384692346173,0.04428381966621661,,,,,,
0.8774387193596798,0.044256955946297534,,,,,,
0.8779389694847423,0.044230124266177374,,,,,,
0.8784392196098049,0.04420332457221526,,,,,,
0.8789394697348674,0.044176556810882894,,,,,,
0.8794397198599299,0.04414982092876413,,,,,,
0.8799399699849925,0.04412311687255507,,,,,,
0.880440220110055,0.04409644458906332,,,,,,
0.8809404702351175,0.04406980402520818,,,,,,
0.8814407203601801,0.04404319512802,,,,,,
0.8819409704852426,0.04401661784464005,,,,,,
0.882441220610305,0.04399007212232028,,,,,,
0.8829414707353677,0.04396355790842297,,,,,,
0.8834417208604302,0.04393707515042048,,,,,,
0.8839419709854927,0.04391062379589496,,,,,,
0.8844422211105553,0.04388420379253819,,,,,,
0.8849424712356178,0.04385781508815112,,,,,,
0.8854427213606803,0.04383145763064371,,,,,,
0.8859429714857429,0.0438051313680347,,,,,,
0.8864432216108054,0.043778836248451185,,,,,,
0.8869434717358678,0.0437525722201285,,,,,,
0.8874437218609305,0.04372633923140992,,,,,,
0.887943971985993,0.043700137230746325,,,,,,
0.8884442221110554,0.043673966166696006,,,,,,
0.8889444722361179,0.043647825987924334,,,,,,
0.8894447223611806,0.04362171664320351,,,,,,
0.889944972486243,0.043595638081412424,,,,,,
0.8904452226113055,0.04356959025153616,,,,,,
0.8909454727363681,0.04354357310266594,,,,,,
0.8914457228614306,0.043517586583998756,,,,,,
0.8919459729864931,0.04349163064483712,,,,,,
0.8924462231115557,0.04346570523458886,,,,,,
0.8929464732366182,0.04343981030276677,,,,,,
0.8934467233616807,0.04341394579898838,,,,,,
0.8939469734867433,0.04338811167297577,,,,,,
0.8944472236118058,0.04336230787455527,,,,,,
0.8949474737368683,0.0433365343536571,,,,,,
0.8954477238619309,0.04331079106031526,,,,,,
0.8959479739869934,0.04328507794466724,,,,,,
0.8964482241120559,0.043259394956953696,,,,,,
0.8969484742371185,0.04323374204751827,,,,,,
0.897448724362181,0.04320811916680729,,,,,,
0.8979489744872435,0.04318252626536955,,,,,,
0.8984492246123061,0.04315696329385605,,,,,,
0.8989494747373686,0.04313143020301973,,,,,,
0.8994497248624311,0.043105926943715206,,,,,,
0.8999499749874936,0.04308045346689854,,,,,,
0.9004502251125562,0.043055009723627045,,,,,,
0.9009504752376187,0.04302959566505896,,,,,,
0.9014507253626812,0.043004211242453225,,,,,,
0.9019509754877438,0.04297885640716918,,,,,,
0.9024512256128063,0.04295353111066649,,,,,,
0.9029514757378688,0.04292823530450467,,,,,,
0.9034517258629314,0.04290296894034301,,,,,,
0.9039519759879939,0.04287773196994026,,,,,,
0.9044522261130564,0.04285252434515442,,,,,,
0.904952476238119,0.042827346017942455,,,,,,
0.9054527263631815,0.042802196940360075,,,,,,
0.905952976488244,0.042777077064561526,,,,,,
0.90625,,,,,,,0.04479224557820686
0.9064532266133066,0.04275198634279923,,,,,,
0.9069534767383691,0.04272692472742379,,,,,,
0.9074537268634316,0.04270189217088342,,,,,,
0.9079539769884942,0.042676888625723955,,,,,,
0.9084542271135567,0.042651914044588526,,,,,,
0.9089544772386192,0.04262696838021744,,,,,,
0.9094547273636818,0.04260205158544766,,,,,,
0.9099549774887443,0.042577163613212815,,,,,,
0.9104552276138068,0.042552304416542945,,,,,,
0.9109554777388694,0.042527473948564105,,,,,,
0.9114557278639319,0.042502672162498395,,,,,,
0.9119559779889944,0.04247789901166342,,,,,,
0.9124562281140569,0.042453154449472306,,,,,,
0.9129564782391195,0.04242843842943336,,,,,,
0.913456728364182,0.04240375090514982,,,,,,
0.9139569784892445,0.04237909183031967,,,,,,
0.9144572286143071,0.042354461158735354,,,,,,
0.9149574787393696,0.042329858844283676,,,,,,
0.9154577288644321,0.04230528484094542,,,,,,
0.9159579789894947,0.042280739102795194,,,,,,
0.9164582291145572,0.04225622158400121,,,,,,
0.9169584792396197,0.04223173223882498,,,,,,
0.9174587293646823,0.04220727102162122,,,,,,
0.9179589794897448,0.042182837886837514,,,,,,
0.9184592296148073,0.04215843278901417,,,,,,
0.9189594797398699,0.04213405568278389,,,,,,
0.9194597298649324,0.042109706522871625,,,,,,
0.9199599799899949,0.042085385264094395,,,,,,
0.9204602301150575,0.04206109186136094,,,,,,
0.92096048024012,0.04203682626967158,,,,,,
0.9214607303651825,0.042012588444118044,,,,,,
0.9219609804902451,0.041988378339883066,,,,,,
0.9224612306153076,0.04196419591224038,,,,,,
0.9229614807403701,0.04194004111655435,,,,,,
0.9234617308654326,0.0419159139082799,,,,,,
0.9239619809904952,0.04189181424296202,,,,,,
0.9244622311155577,0.041867742076235906,,,,,,
0.9249624812406202,0.041843697363826496,,,,,,
0.9254627313656828,0.04181968006154831,,,,,,
0.9259629814907453,0.04179569012530525,,,,,,
0.9264632316158078,0.04177172751109043,,,,,,
0.9269634817408704,0.041747792174985886,,,,,,
0.9274637318659329,0.04172388407316235,,,,,,
0.9279639819909954,0.0417000031618791,,,,,,
0.928464232116058,0.04167614939748377,,,,,,
0.9289644822411205,0.041652322736412055,,,,,,
0.929464732366183,0.04162852313518755,,,,,,
0.9299649824912456,0.04160475055042145,,,,,,
0.9304652326163081,0.04158100493881255,,,,,,
0.9309654827413706,0.04155728625714678,,,,,,
0.9314657328664332,0.041533594462297166,,,,,,
0.9319659829914957,0.041509929511223564,,,,,,
0.9324662331165582,0.04148629136097245,,,,,,
0.9329664832416208,0.04146267996867679,,,,,,
0.9334667333666833,0.041439095291555615,,,,,,
0.9339669834917458,0.041415537286914106,,,,,,
0.9344672336168084,0.041392005912143176,,,,,,
0.9349674837418709,0.04136850112471929,,,,,,
0.9354677338669334,0.04134502288220445,,,,,,
0.9359679839919959,0.04132157114224573,,,,,,
0.9364682341170585,0.041298145862575186,,,,,,
0.936968484242121,0.04127474700100969,,,,,,
0.9374687343671835,0.041251374515450696,,,,,,
0.9375,,,,,,0.04495215304306944,0.043148548042826994
0.9379689844922461,0.04122802836388399,,,,,,
0.9384692346173086,0.04120470850437959,,,,,,
0.9389694847423711,0.041181414895091466,,,,,,
0.9394697348674337,0.0411581474942573,,,,,,
0.9399699849924962,0.041134906260198466,,,,,,
0.9404702351175587,0.04111169115131962,,,,,,
0.9409704852426213,0.04108850212610865,,,,,,
0.9414707353676838,0.04106533914313635,,,,,,
0.9419709854927463,0.041042202161056376,,,,,,
0.9424712356178089,0.0410190911386049,,,,,,
0.9429714857428714,0.040996006034600525,,,,,,
0.9434717358679339,0.04097294680794401,,,,,,
0.9439719859929965,0.040949913417618174,,,,,,
0.944472236118059,0.04092690582268757,,,,,,
0.9449724862431215,0.040903923982298356,,,,,,
0.9454727363681841,0.04088096785567819,,,,,,
0.9459729864932466,0.04085803740213582,,,,,,
0.9464732366183091,0.04083513258106108,,,,,,
0.9469734867433717,0.04081225335192473,,,,,,
0.9474737368684342,0.040789399674278005,,,,,,
0.9479739869934967,0.04076657150775273,,,,,,
0.9484742371185592,0.04074376881206088,,,,,,
0.9489744872436218,0.04072099154699463,,,,,,
0.9494747373686843,0.04069823967242589,,,,,,
0.9499749874937468,0.0406755131483064,,,,,,
0.9504752376188094,0.04065281193466729,,,,,,
0.9509754877438719,0.040630135991619125,,,,,,
0.9514757378689344,0.04060748527935143,,,,,,
0.951975987993997,0.04058485975813286,,,,,,
0.9524762381190595,0.04056225938831072,,,,,,
0.952976488244122,0.040539684130310887,,,,,,
0.9534767383691846,0.040517133944637636,,,,,,
0.9539769884942471,0.04049460879187347,,,,,,
0.9544772386193096,0.040472108632678847,,,,,,
0.9549774887443722,0.04044963342779209,,,,,,
0.9554777388694347,0.040427183138029205,,,,,,
0.9559779889944972,0.040404757724283584,,,,,,
0.9564782391195598,0.04038235714752593,,,,,,
0.9569784892446223,0.0403599813688041,,,,,,
0.9574787393696848,0.04033763034924283,,,,,,
0.9579789894947474,0.04031530405004353,,,,,,
0.9584792396198099,0.0402930024324843,,,,,,
0.9589794897448723,0.04027072545791949,,,,,,
0.9594797398699348,0.040248473087779714,,,,,,
0.9599799899949975,0.04022624528357159,,,,,,
0.96048024012006,0.04020404200687762,,,,,,
0.9609804902451224,0.04018186321935586,,,,,,
0.961480740370185,0.040159708882739946,,,,,,
0.9619809904952475,0.040137578958838856,,,,,,
0.96248124062031,0.040115473409536535,,,,,,
0.9629814907453726,0.04009339219679204,,,,,,
0.9634817408704351,0.040071335282639155,,,,,,
0.9639819909954976,0.04004930262918626,,,,,,
0.9644822411205602,0.04002729419861614,,,,,,
0.9649824912456227,0.04000530995318587,,,,,,
0.9654827413706852,0.039983349855226655,,,,,,
0.9659829914957478,0.03996141386714348,,,,,,
0.9664832416208103,0.039939501951415206,,,,,,
0.9669834917458728,0.03991761407059414,,,,,,
0.9674837418709354,0.03989575018730606,,,,,,
0.9679839919959979,0.039873910264249926,,,,,,
0.9684842421210604,0.0398520942641978,,,,,,
0.96875,,,,,,,0.04161880781836756
0.968984492246123,0.039830302149994494,,,,,,
0.9694847423711855,0.0398085338845577,,,,,,
0.969984992496248,0.039786789430877496,,,,,,
0.9704852426213106,0.039765068752016436,,,,,,
0.9709854927463731,0.03974337181110925,,,,,,
0.9714857428714356,0.039721698571362644,,,,,,
0.9719859929964981,0.039700048996055295,,,,,,
0.9724862431215607,0.03967842304853744,,,,,,
0.9729864932466232,0.03965682069223101,,,,,,
0.9734867433716857,0.03963524189062914,,,,,,
0.9739869934967483,0.03961368660729632,,,,,,
0.9744872436218108,0.03959215480586788,,,,,,
0.9749874937468733,0.039570646450050255,,,,,,
0.9754877438719359,0.03954916150362038,,,,,,
0.9759879939969984,0.03952769993042587,,,,,,
0.9764882441220609,0.0395062616943846,,,,,,
0.9769884942471235,0.03948484675948473,,,,,,
0.977488744372186,0.03946345508978451,,,,,,
0.9779889944972485,0.03944208664941196,,,,,,
0.9784892446223111,0.03942074140256493,,,,,,
0.9789894947473736,0.03939941931351076,,,,,,
0.9794897448724361,0.039378120346586214,,,,,,
0.9799899949974987,0.03935684446619738,,,,,,
0.9804902451225612,0.03933559163681931,,,,,,
0.9809904952476237,0.03931436182299601,,,,,,
0.9814907453726863,0.0392931549893403,,,,,,
0.9819909954977488,0.03927197110053362,,,,,,
0.9824912456228113,0.0392508101213257,,,,,,
0.9829914957478738,0.03922967201653474,,,,,,
0.9834917458729364,0.03920855675104694,,,,,,
0.9839919959979989,0.03918746428981658,,,,,,
0.9844922461230614,0.03916639459786567,,,,,,
0.984992496248124,0.039145347640283934,,,,,,
0.9854927463731865,0.03912432338222854,,,,,,
0.985992996498249,0.03910332178892408,,,,,,
0.9864932466233116,0.03908234282566227,,,,,,
0.9869934967483741,0.03906138645780193,,,,,,
0.9874937468734366,0.039040452650768685,,,,,,
0.9879939969984992,0.03901954137005496,,,,,,
0.9884942471235617,0.038998652581219685,,,,,,
0.9889944972486242,0.03897778624988831,,,,,,
0.9894947473736868,0.03895694234175247,,,,,,
0.9899949974987493,0.03893612082256995,,,,,,
0.9904952476238118,0.038915321658164484,,,,,,
0.9909954977488744,0.03889454481442567,,,,,,
0.9914957478739369,0.038873790257308714,,,,,,
0.9919959979989994,0.03885305795283433,,,,,,
0.992496248124062,0.03883234786708867,,,,,,
0.9929964982491245,0.038811659966222996,,,,,,
0.993496748374187,0.038790994216453746,,,,,,
0.9939969984992496,0.038770350584062155,,,,,,
0.9944972486243121,0.038749729035394295,,,,,,
0.9949974987493746,0.038729129536860814,,,,,,
0.9954977488744371,0.03870855205493691,,,,,,
0.9959979989994997,0.03868799655616203,,,,,,
0.9964982491245622,0.038667463007139746,,,,,,
0.9969984992496247,0.03864695137453779,,,,,,
0.9974987493746873,0.03862646162508772,,,,,,
0.9979989994997498,0.03860599372558471,,,,,,
0.9984992496248123,0.03858554764288778,,,,,,
0.9989994997498749,0.038565123343919115,,,,,,
0.9994997498749374,0.03854472079566438,,,,,,
1.0,0.03852433996517237,0.10178248842116673,0.06854616148458564,0.05242028723643357,0.04512342822485039,0.04178041373784316,0.04019228572814916
