t,alpha=0.05,alpha=0.1,alpha=0.15,alpha=0.2,alpha=0.25,alpha=0.3,alpha=0.35,alpha=0.4,alpha=0.45,alpha=0.5,alpha=0.55,alpha=0.6,alpha=0.65,alpha=0.7,alpha=0.75,alpha=0.8,alpha=0.85,alpha=0.9,alpha=0.95
0.0,1.0,1.0,1.0,1.0,1.0,1.0,1.0,1.0,1.0,1.0,1.0,1.0,1.0,1.0,1.0,1.0,1.0,1.0,1.0
0.005,1.019505825802587,1.035778720912873,1.048889544887184,1.0589370192246677,1.0660489390982628,1.070383183866566,1.0721284928987687,1.0715049724420733,1.068764298851609,1.0641895835477562,1.0580948656271651,1.0508241991944112,1.042750304263611,1.0342727525641906,1.0258156628302093,1.0178248842116673,1.010764651366319,1.0051137006111777,1.0013608432635839
0.01,1.0112061895371312,1.0216902914811126,1.0312080498986909,1.039535509766862,1.0464748623338918,1.0518605423681344,1.0555655046810897,1.0575075945891088,1.0576559140384565,1.0560370721753107,1.0527411964434021,1.047927568119087,1.0418297348623766,1.0347599427213487,1.0271127214560953,1.0193674504550148,1.0120897283332202,1.0059313679820825,1.0016288408452563
0.015,1.0078976098075336,1.0156979331300469,1.023181867554945,1.0301265077574329,1.0363114087889183,1.041525773562399,1.045576552344981,1.0482974197978305,1.0495585699908894,1.0492772419664047,1.0474288580165043,1.0440586241527094,1.0392934076587679,1.033353670623164,1.0265652015544386,1.0193703503278257,1.0123384356636338,1.0061749600982428,1.001729236113008
0.02,1.0061157258886615,1.0123707425868997,1.0185866066918419,1.0245696540695641,1.0301158167644378,1.035016741176606,1.039067294439948,1.0420745261143876,1.0438681270029992,1.0443123957507292,1.0433196865995762,1.0408652680989126,1.0370034726721673,1.0318849608622709,1.0257748621539946,1.0190714870635562,1.0123252335113426,1.0062572354526242,1.0017772247429095
0.025,1.0049998011323575,1.0102459661361802,1.015593829902901,1.0208781236632427,1.0259162429526067,1.0305129571857052,1.0344667399474283,1.037577889911686,1.0396585961931235,1.0405450779414722,1.0401118951573187,1.0382884851582483,1.0350779260777514,1.0305778646093644,1.0250034694918126,1.0187121848039955,1.012229958159049,1.0062785088982258,1.0018030813844865
0.03,1.0042341527435494,1.0087672045165852,1.0134809166498022,1.0182339606326813,1.0228638578074367,1.0271903727256282,1.0310206129546386,1.0341560932798817,1.0364020203793816,1.03757904360035,1.0375376968157473,1.0361757238146485,1.0334584336200971,1.0294421709288253,1.0243009090527888,1.018355877042911,1.0121080181161726,1.0062729425110626,1.0018178843947951
0.035,1.003675611869351,1.007676312515787,1.0119045918029324,1.0162388455816416,1.0205342314767105,1.0246249246086119,1.0283280817888178,1.0314498433196875,1.0337937160262516,1.0351716875506596,1.0354184180445647,1.0344088388112636,1.0320794556450823,1.0284536049669843,1.0236708407194741,1.0180205367861266,1.0119796710435727,1.006254610944575,1.0018265451334345
0.04,1.0032497920181676,1.0068369620580846,1.0106804984481403,1.0146750880869049,1.018691096976501,1.022575864392377,1.0261566602349683,1.0292456908703635,1.0316475701174963,1.0331696966893342,1.0336359947066014,1.0329044768945959,1.0308890774466004,1.0275861697108502,1.0231061290317836,1.0177102193153456,1.0118529692338816,1.0062300565999127,1.001831533774997
0.045,1.0029141841086455,1.0061702591261112,1.0097005593400508,1.013413351610764,1.017192108129227,1.0208959916711933,1.0243619323564757,1.0274087249645665,1.0298436236841662,1.031471954356885,1.0321102999018938,1.0316038392633742,1.0298484299841004,1.026818014962124,1.0225979002252017,1.017424387404465,1.0117311464629288,1.00620257544712,1.0018342089283565
0.05,1.002642718230903,1.0056273223534131,1.0088971073633253,1.0123717816608626,1.0159461644508483,1.019489989260425,1.0228492131454017,1.0258492943383357,1.0283009645831733,1.0300090837757616,1.0307852207530181,1.0304646514559477,1.028928499850144,1.0261317628272795,1.0221379520313703,1.0171610466829692,1.0116153749444436,1.0061739196349302,1.0018353693148987
0.055,1.0024185093545666,1.0051762191380653,1.00822554878449,1.0114959476786622,1.0148921219406333,1.0182932609481812,1.0215536768842517,1.024505345714344,1.026962916151358,1.0287318320488994,1.029620290262795,1.029455826523341,1.0281073815867978,1.0255137432744463,1.021719280386309,1.0169178743483618,1.0115059053319182,1.0061450521330535,1.0018355092692772
0.06,1.0022301351089118,1.0047951875925007,1.00765526374258,1.0107481866226418,1.0139873355989664,1.0172603820578927,1.0204293430355105,1.0233324603656182,1.0257885046972692,1.0276041992690772,1.028585554779754,1.0285540002723315,1.0273682808309734,1.0249531651166022,1.0213360571617782,1.0166926289488176,1.0114025733517225,1.006116510011237,1.0018349474452055
0.065,1.0020695891846587,1.0044688750317927,1.0071645077132318,1.010101571902068,1.0132011059426458,1.0163584179519944,1.01944262493708,1.0222979365505134,1.0247473093848942,1.0265992089627094,1.027658332190486,1.0277412593701316,1.0266981170798881,1.024441435207641,1.020983465528951,1.0164832862757354,1.0113050362774103,1.0060885909163308,1.0018338961042186
0.07,1.001931091392705,1.0041861335135585,1.0067373989028792,1.0095363192798088,1.0125107384949974,1.0155628681486644,1.0185683731478383,1.0213771186596776,1.0238162257099248,1.0256962087050392,1.0268211021418905,1.0270036223297012,1.026086548407265,1.0239716391162634,1.0206575198126107,1.0162880683063882,1.0112128865277807,1.0060614537931936,1.0018325004830693
0.075,1.0018103631294584,1.0039386682523495,1.0063620579666614,1.0090375510694791,1.0118990734915778,1.0148551028626425,1.0177873527026695,1.020551034141752,1.0229773594208627,1.0248790912972103,1.026060094009992,1.0263300016383063,1.0255252840861426,1.0235381534909131,1.0203549065928699,1.016105431382434,1.0111257066273192,1.0060351755536596,1.0018308621812744
0.08,1.0017041687697323,1.0037201768446729,1.0060294157770004,1.0085938538818988,1.0113528815264012,1.0142206862305216,1.0170845803724646,1.019804823088188,1.0222166139760198,1.0241350890338163,1.0253643175001201,1.02571147937535,1.0250075933194764,1.0231363575317174,1.0200728541868755,1.0159340406783368,1.0110430952054852,1.006009784025206,1.001829053586559
0.085,1.0016100156168326,1.0035257829882718,1.0057324246521295,1.0081963188806038,1.0108617894792256,1.013648246636406,1.016448196908443,1.0191266653668807,1.0215227178064017,1.0234539358239467,1.0247248817117676,1.0251407914203774,1.024527948767742,1.0227624171348215,1.0198090283608743,1.0157727420330285,1.01096467838146,1.0059852776176106,1.0018271270616697
0.09,1.0015259519008057,1.0033516533419051,1.005465521952926,1.0078378856776413,1.0104175422572326,1.0131286958219219,1.015868682796921,1.0185070297421153,1.0208865387148214,1.0228272719529703,1.0241345068962855,1.0246119533529086,1.0240817639635553,1.0224131220259574,1.0195614498150536,1.0156205354774002,1.0108901137192636,1.005961637305003,1.0018251209585043
0.095,1.0014504273525517,1.0031947318672627,1.005224256423277,1.0075128831029787,1.0100134835076995,1.0126546767847564,1.0153383007822632,1.017938137029638,1.0203005906211386,1.0222482128339725,1.023587167852173,1.0241199845041804,1.0236651970794184,1.0220857616551997,1.0193284289919584,1.0154765519102358,1.0108190904472452,1.0059388340379836,1.0018230636508216
0.1,1.0013821948337092,1.0030525516107933,1.005005022319514,1.007216701013546,1.0096441828283134,1.0122201655697012,1.0148506917989817,1.017413568945337,1.0197586721356358,1.0217110310323194,1.0230778290954157,1.0236607012505032,1.0232750022833783,1.021778029651993,1.0191085144317333,1.015340033161515,1.0107513278743965,1.0059168333747988,1.0018209762957893
0.105,1.0013202395681098,1.0029230987715883,1.0048048666373623,1.0069455513699799,1.0093051632446532,1.011820178906151,1.0144005769672684,1.016927978247046,1.0192555973492088,1.0212109180783202,1.0226022452044443,1.0232305599824425,1.0229084157135406,1.0214879495164806,1.018900451659696,1.015210315200748,1.0106865730221144,1.0058955983875841,1.0018188747604837
0.11,1.0012637273365381,1.0028047128344026,1.004621346963897,1.0066962913955921,1.0089926987210713,1.0114505561095088,1.0139835343589017,1.0164768706477427,1.018786992327494,1.0207438034833203,1.0221568082315031,1.0228265362694184,1.022563066979683,1.021213816257057,1.0187031502632193,1.01508681408912,1.0106245980058037,1.0058750914818992,1.0018167709881762
0.115,1.0012119659555103,1.002696012059991,1.004452425058101,1.0064662907195543,1.0087036614875473,1.0111077940277962,1.0135958294040825,1.0160564384587263,1.018349139202094,1.020306215429294,1.0217384296265106,1.0224460307762493,1.022236909728905,1.0209541501215238,1.018515657356585,1.0149690142536558,1.0105651974403056,1.0058552755232282,1.0018146739816485
0.12,1.0011643762259015,1.0025958371143717,1.004296386079208,1.006253330208084,1.0084354053895128,1.010788920494635,1.0132342843949929,1.0156634320991635,1.0179388552652642,1.01989517226379,1.0213444478236477,1.0220867952133526,1.021928166619095,1.0207076595900673,1.0183371360531817,1.0148564586962514,1.0105081860020255,1.0058361145175727,1.0018125905202584
0.125,1.001120469740191,1.002503207877847,1.0041517765121886,1.0060555239740678,1.0081856756785705,1.0104913961478363,1.0128961768984894,1.0152950597169241,1.0175533981623508,1.0195080970715318,1.0209725551559001,1.0217468734722912,1.0216352853029267,1.0204732115285606,1.0181668478856087,1.0147487408027667,1.0104533962042537,1.0058175740036102,1.0018105256890586
0.13,1.0010798317292513,1.002417289967653,1.0040173559159724,1.0058712585767833,1.0079525384768386,1.0102130374249716,1.0125791598276581,1.0149489079489584,1.0171903907880453,1.0191427497452503,1.020620739498741,1.0214245544012017,1.0213569029138425,1.0202498069276447,1.0180041383578144,1.0146454974712635,1.0104006764013587,1.005799621258033,1.0018084832734055
0.135,1.0010421076611702,1.0023373685133763,1.0038920590227414,1.0056991451328126,1.0077343250632085,1.0099519555641132,1.012281197936879,1.0146228787672702,1.0168477612316371,1.0187971724761251,1.020287237260787,1.0211183335953375,1.0210918171808085,1.020036561036777,1.0178484249978577,1.0145464033273994,1.01034988901643,1.005782225380326,1.0018064660560846
0.14,1.0010069926675038,1.0022628274127459,1.0037749656804085,1.0055379812376501,1.0075295874548484,1.0097065078380538,1.0120005169092166,1.0143151386985068,1.0165236943389186,1.0184696456424527,1.0199704952039972,1.020826882237269,1.0208389627582226,1.0198326869844687,1.0176991874198995,1.0144511658369633,1.0103009089767774,1.005765357300513,1.001804476042978
0.145,1.0009742231240513,1.0021931327742999,1.0036652768028675,1.0053867204223295,1.0073370626877498,1.0094752582368343,1.0117355621978867,1.0140240776577956,1.0162165923297952,1.0181586518330212,1.0196691391986998,1.0205490214992876,1.0205973916935942,1.0196374821851384,1.017555959010676,1.0143595211605079,1.0102536223375134,1.0057489897386584,1.0018025146357994
0.15,1.000943569890361,1.0021278195914018,1.0035622949685115,1.0052444474548123,1.0071556438625822,1.009256945518036,1.0114849654951166,1.0137482753225555,1.0159250425398192,1.0178628462912749,1.0193819484726077,1.0202837013710935,1.0203662572042138,1.0194503169895905,1.017418319937357,1.0142712306236616,1.0102079250725433,1.0057330971351897,1.0018005827652448
0.155,1.0009148328384934,1.0020664809337385,1.003465408648767,1.0051103582168923,1.0069843564998417,1.0090504570539434,1.0112475172180264,1.0134864734708375,1.015647790813628,1.0175810324695924,1.0191078342475304,1.0200299830357273,1.0201448001196993,1.0192706251543342,1.0172858912365426,1.0141860776999907,1.0101637220130366,1.0057176555646885,1.0017986809942763
0.16,1.0008878363927831,1.0020087591173854,1.0033740792960797,1.0049837431936883,1.0068223390968989,1.0088548072776589,1.0110221437801554,1.0132375530760196,1.0153837194179587,1.017312141682078,1.0188458219067282,1.0197870241112938,1.0199323374872609,1.0190978957949386,1.0171583297928177,1.0141038654220955,1.0101209259150168,1.0057026426414941,1.001796809598695
0.165,1.0008624258689638,1.0019543384426324,1.003287830702585,1.0048639738382623,1.0066688270367667,1.0086691198061901,1.010807888698418,1.013000515223011,1.0151318285955058,1.0170552160683375,1.0185950360233336,1.0195540662231253,1.0197282529429956,1.0189316665576769,1.017035324053185,1.0140244141518457,1.0100794566395859,1.0056880374225825,1.0017949686303067
0.17,1.000838464450214,1.001902939183555,1.0032062401755577,1.004750491241539,1.006523139190124,1.008492612524738,1.0106038967959714,1.0127744651165027,1.0148912210720673,1.0168093942501935,1.018354687722597,1.0193304244832202,1.0195319885341743,1.0187715177970873,1.016916590353387,1.0139475596529353,1.0100392404312066,1.0056738203112394,1.0017931579666628
0.17500000000000002,1.000815830674374,1.0018543125841815,1.0031289311767733,1.0046427966635465,1.0063846666964569,1.0083245850719982,1.0104094009208495,1.0125585986075913,1.014661088974823,1.0165738991926,1.0181240639597318,1.019115478540062,1.0193430377406065,1.018617067588656,1.0168018697555359,1.0138731514188952,1.010000209281287,1.0056599729637303,1.001791377350376
0.18,1.0007944163341878,1.0018082366695518,1.003055567149267,1.0045404435773873,1.0062528635197396,1.008164408284718,1.0102237107218286,1.0123521907842807,1.0144407027311388,1.016348027879549,1.0179025183792818,1.0189086649287933,1.0191609394923586,1.0184679674384272,1.0166909253150196,1.0138010512177662,1.009962300365979,1.0056464782002843,1.0017896264202992
0.185,1.0007741247134103,1.0017645127206447,1.0029858463132366,1.0044430309502124,1.0061272384580089,1.0080115152506552,1.0100462031165443,1.0121545862632675,1.0142294016035533,1.0161311424928883,1.0176894634874063,1.018709470503946,1.0189852730196423,1.0183238985770808,1.0165835397094323,1.0137311318211875,1.009925455548595,1.00563331992112,1.0017879047363145
0.19,1.000754869097669,1.00172296229335,1.0029194972576003,1.0043501975416145,1.0060073483509664,1.0078653936893889,1.0098763141594265,1.011965190891865,1.0140265855837969,1.0159226628422988,1.0174843639197828,1.018517426777975,1.0188156534011938,1.018184568746457,1.0164795131741295,1.0136632758910284,1.0098896209383343,1.0056204830278332,1.0017862117990808
0.195,1.0007365715113696,1.0016834246857957,1.002856275188396,1.004261617043417,1.0058927922801244,1.007725579435256,1.0097135320736577,1.011783464624815,1.0138317084214281,1.015722059842051,1.0172867306283042,1.0183321050213576,1.0186517277016287,1.018049709402835,1.0163786616985586,1.0135973750010572,1.0098547464981593,1.0056079533502176,1.0017845470657922
0.2,1.000719161641559,1.0016457547771371,1.0027959587222843,1.004176993918918,1.0057832065954682,1.0075916508396687,1.009557391255934,1.0116089153848187,1.0136442716043261,1.0155288498677582,1.017096115841869,1.018153112005899,1.0184931716076573,1.0179190732744057,1.0162808154452307,1.0135333287747554,1.0098207856956356,1.0055957175784072,1.0017829099627555
0.20500000000000002,1.000702575917214,1.0016098211756261,1.0027383471346616,1.0040960598264248,1.0056782606337253,1.0074632239440717,1.0094074670980493,1.0114410937505594,1.0134638191413794,1.0153425898562318,1.0169121086822641,1.0179800862936337,1.0183396864885823,1.0177924322209686,1.0161858173595053,1.0134710441233468,1.009787695191398,1.0055837632001376,1.0017812998954363
0.21,1.0006867567183533,1.0015755046254413,1.0026832579887015,1.0040185705331677,1.0055776530180096,1.0073399483017722,1.009263371497425,1.0112795883438803,1.0132899330242002,1.0151628730355549,1.0167343313367487,1.0178126949904331,1.018190996819105,1.0176695753525165,1.0160935219434808,1.0134104345705657,1.0097554345606292,1.0055720784428543,1.0017797162564692
0.215,1.0006716516940848,1.0015426966309637,1.0026305250850083,1.0039443032425877,1.0054811084483186,1.0072215033484986,1.0091247489511967,1.0111240218101818,1.0131222292659785,1.0149893251917914,1.0165624357056249,1.0176506308969595,1.0180468479126892,1.0175503073703724,1.0160037941715236,1.0133514196527373,1.0097239660435504,1.005560652220364,1.0017781584320384
0.22,1.0006572131724631,1.0015112982645826,1.0025799966822733,1.0038730542715453,1.0053883749081804,1.0071075952388855,1.0089912731466049,1.0109740473041526,1.0129603544328205,1.0148216013944467,1.016396100456621,1.0174936100006524,1.0179070039220912,1.017434447100337,1.015916508528435,1.0132939243844297,1.0096932543214672,1.0055494740837163,1.0017766258069438
0.225,1.0006433976480356,1.0014812191300275,1.0025315339479084,1.0038046370249318,1.0052992212255016,1.0069979540801448,1.0088626439751018,1.010829345407622,1.0128039825969088,1.0146593831155302,1.0162350284289654,1.0173413692614401,1.0177712460705253,1.0173218261920276,1.0158315481541447,1.0132378787813692,1.0096632663153737,1.0055385341760041,1.001775117768605
0.23,1.0006301653353904,1.0014523764580137,1.0024850096046176,1.0037388802240046,1.0052134349360435,1.006892331505565,1.0087385849095416,1.0106896214182637,1.012652812652253,1.0145023756875124,1.0160789443390803,1.0171936646513051,1.0176393710825846,1.0172122879625367,1.0157488040812142,1.0131832174334854,1.0096339710044917,1.0055278231907716,1.0017736337102081
0.23500000000000001,1.0006174797789904,1.0014246943148706,1.002440306744495,1.003675626351969,1.00513082040637,1.006790498539812,1.0086188406935919,1.010554602957677,1.012506565943185,1.0143503060540786,1.0159275927473128,1.0170502694139443,1.0175111897887188,1.0171056863657917,1.0156681745534404,1.0131298791219754,1.0096053392624793,1.005517332333749,1.0017721730331595
0.24,1.0006053075111718,1.0013981029079861,1.002397317786882,1.003614730286225,1.0050511971800535,1.006692243715642,1.0085031753005231,1.010424037855427,1.0123649841634976,1.0142029207746335,1.0157807362512805,1.016910972515852,1.0173865258809691,1.0170018850717226,1.015589564415515,1.0130778064750998,1.0095773437093214,1.005507053287631,1.0017707351489726
0.245,1.0005936177515067,1.0013725379745013,1.0023559435599858,1.0035560580915337,1.0049743985165955,1.0065973714079273,1.008391370125174,1.010297692272278,1.0122278274904977,1.014059984249431,1.015638153876551,1.0167755772643867,1.017265214800899,1.016900756641625,1.0155128845651131,1.0130269456581622,1.009549958577165,1.0054969781796521,1.001769319480704
0.25,1.000582382141803,1.0013479402418097,1.002316092489397,1.0034994859523412,1.0049002700972223,1.0065057003561024,1.0082832223783504,1.010175349031396,1.0120948729236108,1.0139212771370614,1.01549963963966,1.0166439000719116,1.0171471027433925,1.0168021817880177,1.015438051459975,1.0129772460937096,1.0095231595885898,1.0054870995517167,1.0017679254640144
0.255,1.0005715745118995,1.0013242549502015,1.0022776798792155,1.0034448992258291,1.0048286688756247,1.0064170623504816,1.0081785436575186,1.0100568061308812,1.011965912801578,1.0137865949401512,1.0153650012620492,1.0165157693480704,1.0170320457622741,1.0167060487089112,1.0153649866735401,1.0129286602085297,1.0094969238459597,1.0054774103328696,1.0017665525479345
0.26,1.0005611706721627,1.0013014314294306,1.0022406272736544,1.0033921915999722,1.0047594620549423,1.0063313010614814,1.0080771586714337,1.0099418754148646,1.011840753476026,1.0136557467385463,1.0152340590165352,1.01639102450476,1.0169199089656362,1.0166122524877763,1.0152936164935653,1.0128811432044444,1.0094712297307058,1.0054679038139052,1.00176520019538
0.265,1.0005511482291896,1.0012794227222228,1.0022048618887611,1.0033412643432356,1.0046925261750288,1.0062482709938319,1.0079789040995653,1.0098303813836071,1.0117192141223152,1.0135285540521406,1.015106644690438,1.0162695150604613,1.0168105657904052,1.0165206945516438,1.015223871558872,1.012834652850297,1.0094460568114956,1.0054585736239363,1.001763867883484
0.27,1.000541486421746,1.0012581852487459,1.0021703161054147,1.0032920256344053,1.0046277462962887,1.0061678365503652,1.007883627569852,1.0097221601257962,1.0116011256712067,1.0134048498179686,1.0149826006516773,1.0161510998323986,1.0167038973470486,1.01643128218078,1.0151556865299902,1.0127891492928442,1.0094213857603775,1.0054494137087493,1.0017625551037561
0.275,1.0005321659743904,1.00123767850693,1.0021369270159937,1.0032443899627195,1.0045650152683203,1.0060898711921504,1.0077911867406097,1.0096170583585065,1.0114863298471237,1.0132844774682328,1.014861779005948,1.0160356462064972,1.0165997918265295,1.0163439280642053,1.0150889997900188,1.012744594884542,1.0093971982760956,1.0054404183108012,1.001761261362128
0.28,1.000523168966594,1.001217864804231,1.0021046360181851,1.0031982775898012,1.0045042330731928,1.0060142566835069,1.0077014484743168,1.0095149325622692,1.0113746783006834,1.013167290097705,1.0147440408346522,1.0159230294764254,1.0164981439626144,1.0162585498960537,1.0150237531724493,1.0127009540264662,1.0093734770138652,1.005431581950709,1.001759986178889
0.28500000000000003,1.0005144787154798,1.0011987090170549,1.0020733884502953,1.0031536140660575,1.0044453062345795,1.0059408824120046,1.0076142880926409,1.009415648200321,1.0112660318247737,1.013053149710447,1.014629255504589,1.0158131322441046,1.0163988545435103,1.0161750700083985,1.0149598917131264,1.0126581930248166,1.0093502055209669,1.00542289941012,1.001758729088545
0.29,1.000506079670547,1.001180178374555,1.0020431332631807,1.0031103297951935,1.0043881472851306,1.0058696447748425,1.0075295887034814,1.0093190790125646,1.0111602596448532,1.012941926537068,1.0145173000415484,1.015705843875031,1.0163018299675517,1.0160934150366874,1.0148973634238303,1.0126162799596203,1.0093273681776054,1.0054143657158336,1.0017574896396122
0.295,1.0004979573189794,1.0011622422639725,1.002013822724565,1.0030683596413248,1.0043326742854493,1.0058004466241117,1.007447240591955,1.0092251063759419,1.0110572387753194,1.0128334984148488,1.0144080585609192,1.015601060002572,1.0162069818383084,1.0160135156144185,1.014836119085293,1.0125751845644395,1.009304950142525,1.0054059761250775,1.0017562673943692
0.3,1.0004900981003129,1.0011448720550433,1.0019854121520644,1.0030276425738798,1.0042788103889124,1.0057331967644216,1.0073671406682996,1.0091336187239826,1.0109568534347981,1.0127277502240049,1.0143014217492807,1.0154986820761054,1.016114226595023,1.0159353060940568,1.0147761120576821,1.0125348781159824,1.0092829373029393,1.0053977261118425,1.0017550619285596
0.305,1.0004824893294,1.001128040941329,1.001957859671708,1.0029881213461054,1.0042264834472818,1.0056678094971672,1.0072891919665412,1.009044511019186,1.010858994514102,1.012624573374173,1.0141972863916537,1.0153986169484763,1.0160234851747887,1.0158587242915589,1.0147172981068366,1.0124953333326787,1.0092613162283721,1.0053896113541885,1.0017538728310753
0.31,1.0004751191267438,1.001111723796592,1.0019311259991484,1.0029497422035085,1.0041756256526928,1.00560420420643,1.0072133031885115,1.0089576842726569,1.0107635590913475,1.012523865335929,1.0140955549397381,1.0153007764987925,1.0159346827032811,1.0157837112521828,1.0146596352447164,1.0124565242813663,1.0092400741280547,1.0053816277224388,1.001752699703617
0.315,1.0004679763553916,1.0010958970445736,1.0019051742411063,1.0029124546190045,1.0041261732121471,1.0055423049821162,1.007139388288471,1.008873045106082,1.0106704499893693,1.0124255292127329,1.0139961351169915,1.0152050772870154,1.015847748211222,1.0157102110354927,1.0146030835827136,1.0124184262913176,1.0092191988115575,1.0053737712682023,1.001751542160345
0.32,1.0004610505636773,1.001080538540734,1.001879969714893,1.0028762110519698,1.0040780660510908,1.005482040276456,1.0070673660941378,1.008790505351725,1.0105795753711524,1.0123294733492472,1.0138989395568898,1.0151114402372317,1.0157626143740797,1.0156381705177244,1.014547605196598,1.0123810158749433,1.0091986786523695,1.0053660382141425,1.0017503998275104
0.325,1.00045433193319,1.0010656274646916,1.0018554797841104,1.0028409667286897,1.0040312475430806,1.0054233425904413,1.0069971599604397,1.008709981686607,1.0104908483694854,1.0122356109724373,1.0138038854711207,1.0150197903468163,1.015679217272777,1.015567539209879,1.0144931640020318,1.0123442706545593,1.00917850255417,1.0053584249444474,1.001749272343091
0.33,1.0004478112314183,1.001051144222245,1.0018316737088588,1.0028066794420167,1.003985664262886,1.0053661481871874,1.0069286974526965,1.00863139529748,1.0104041867474634,1.0121438598622468,1.0137108943448208,1.014930056419026,1.015597496173427,1.015498269090066,1.014439725639667,1.012308169294666,1.0091586599195521,1.0053509279959356,1.001748159356429
0.335,1.0004414797685897,1.0010370703559932,1.0018085225089732,1.0027733093682962,1.0039412657606661,1.0053103968295407,1.0068619100563476,1.0085546715735814,1.0103195125868663,1.0120541420490268,1.01361989165629,1.0148421708168132,1.0155173933243253,1.015430314448803,1.0143872573689765,1.0122726914392715,1.0091391406209995,1.0053435440497565,1.0017470605278556
0.34,1.0004353293582737,1.0010233884636854,1.0017859988389797,1.0027408188998403,1.0038980043551526,1.0052560315395502,1.0067967329106335,1.0084797398245056,1.0102367520017386,1.0119663835351767,1.0135308066188904,1.0147560692358955,1.0154388537686228,1.0153636317460863,1.0143357279700311,1.0122378176538012,1.0091199349739144,1.0053362699236372,1.0017459755283367
0.34500000000000003,1.000429352281375,1.001010082123532,1.0017640768736196,1.0027091724914232,1.003855834943984,1.0052029983777044,1.0067331045639456,1.0084065330207947,1.0101558348748052,1.011880514038737,1.0134435719430783,1.0146716904953201,1.0153618251712555,1.0152981794791942,1.0142851076525283,1.0122035293712024,1.009101033711539,1.0053291025646278,1.0017449040391113
0.35000000000000003,1.0004235412531755,1.0009971358257883,1.0017427322028978,1.0026783365194432,1.003814714829541,1.0051512462400407,1.0066709667487976,1.0083349875551293,1.010076694614607,1.0117964667569395,1.0133581236167404,1.0145889763439548,1.0152862576588693,1.0152339180602767,1.0142353679714462,1.012169808841902,1.0090824279616029,1.005322039042318,1.0017438457513421
0.355,1.0004178893931348,1.0009845349100064,1.001721941735755,1.0026482791525417,1.003774603558823,1.0051007266714547,1.0066102641745889,1.0082650430222162,1.0099992679314567,1.0117141781478733,1.01327440070219,1.0145078712814808,1.015212103671592,1.0151708097028744,1.0141864817487527,1.0121366390872715,1.0090641092245693,1.0053150765424843,1.0017428003657745
0.36,1.0004123901971764,1.0009722655074156,1.0017016836115322,1.0026189702326018,1.0037354627760533,1.0050513936937082,1.0065509443365313,1.0081966420156765,1.0099234946305187,1.0116335877286726,1.013192345148351,1.0144283223926214,1.0151393178256318,1.0151088183166175,1.014138423000666,1.0121040038563347,1.0090460693533372,1.0053082123611357,1.0017417675923983
0.365,1.0004070375122283,1.0009603144879406,1.0016819371185122,1.002590381165167,1.0036972560868356,1.0050032036468035,1.006492957339272,1.0081297299403997,1.0098493174204952,1.0115546378887619,1.013111901616799,1.0143502791934655,1.0150678567857718,1.0150479094094003,1.014091166869995,1.0120718875854342,1.0090283005342997,1.005301443898927,1.0017407471501287
0.37,1.0004018255128044,1.0009486694114362,1.001662682618871,1.0025624848184103,1.0036599489328248,1.0049561150425037,1.006436255733905,1.0080642548390006,1.0097766817365375,1.0114772737168445,1.0130330173204691,1.0142736934888483,1.0149976791469255,1.0149880499964166,1.0140446895631554,1.0120402753606235,1.0090107952696412,1.0052947686559215,1.001739738766486
0.375,1.0003967486794398,1.0009373184827444,1.0016439014794731,1.0025352554298892,1.0036235084759597,1.0049100884289297,1.0063807943671834,1.0080001672311472,1.009705535576161,1.0114014428404607,1.0129556418739538,1.014198519239864,1.0149287453240095,1.0149292085154933,1.01399896829147,1.012009152882579,1.0089935463607846,1.0052881842266692,1.0017387421772914
0.38,1.0003918017788103,1.00092625051023,1.0016255760079642,1.002508668520389,1.0035879034914164,1.004865086265266,1.006326530241883,1.0079374199646423,1.0096358293470442,1.0113270952770514,1.0128797271544163,1.014124712440666,1.014861017449434,1.0148713547482016,1.0139539812164202,1.0119785064338138,1.0089765468928966,1.0052816882955795,1.0017377571263744
0.385,1.0003869798453833,1.0009154548674855,1.001607689393711,1.0024827008142292,1.0035531042685206,1.0048210728056883,1.006273422387343,1.0078759680772675,1.0095675157257158,1.0112541832955526,1.012805227172238,1.014052231003793,1.0147944592776055,1.0148144597462934,1.0139097073985317,1.0119483228480415,1.0089597902203753,1.0052752786325725,1.0017367833652804
0.39,1.000382278164465,1.0009049214579226,1.0015902256531557,1.0024573301654762,1.0035190825189324,1.0047780139917384,1.0062214317393392,1.0078157686684754,1.0095005495262164,1.0111826612876722,1.0127320979506136,1.0139810346533322,1.014729036095877,1.0147584957630367,1.0138661267496134,1.0119185894814942,1.0089432699532404,1.0052689530889842,1.0017358206529978
0.395,1.0003776922565217,1.0008946406820045,1.0015731695792018,1.002432535489554,1.0034858112914888,1.0047358773524193,1.0061705210284975,1.0077567807801215,1.0094348875779164,1.0111124856480442,1.0126602974133565,1.013911084825293,1.0146647146414292,1.0147034361890648,1.0138232199880852,1.0118892941860738,1.0089269799443736,1.0052627095937128,1.001734868755694
0.4,1.000373217862666,1.0008846034068828,1.0015565066942878,1.0024082966997905,1.0034532648931367,1.00469463191138,1.006120654676541,1.0076989652854922,1.0093704886117496,1.0110436146625434,1.0125897852802725,1.0138423445746172,1.0146014630236315,1.0146492554923987,1.013780968597172,1.0118604252841858,1.0089109142775279,1.005256546149587,1.0017339274464558
0.405,1.0003688509312028,1.0008748009382438,1.0015402232068447,1.002384594648495,1.003421418815459,1.004654248100599,1.0060717986997398,1.0076422847859514,1.0093073131541803,1.0109760084041282,1.0125205229694996,1.0137747784883144,1.0145392506514481,1.014595929162311,1.0137393547857305,1.0118319715451316,1.0088950672560677,1.0052504608299382,1.0017329965050412
0.41000000000000003,1.0003645876051523,1.0008652249941743,1.0015243059708454,1.0023614110721901,1.0033902496663298,1.004614697680037,1.006023920618974,1.0075867035146056,1.0092453234282983,1.0109096286355987,1.0124524735062692,1.013708352604247,1.014478048165511,1.0145434336567598,1.0136983614515336,1.0118039221629538,1.0088794333923794,1.0052444517753698,1.001732075717647
0.41500000000000004,1.0003604242106647,1.0008558676808792,1.0015087424481977,1.002338728540651,1.003359735106286,1.0045759536627856,1.0059769893758872,1.0075321872464227,1.0091844832614767,1.0108444387187547,1.0123856014376027,1.0136430343351375,1.0144178273745086,1.0144917463531107,1.0136579721468146,1.0117762667356192,1.008864007397903,1.0052385171907086,1.0017311648766718
0.42,1.0003563572462528,1.0008467214701011,1.0014935206737505,1.0023165304094561,1.0033298537892388,1.0045379902452725,1.005930975254649,1.007478703214315,1.009124757999088,1.0107804035294397,1.0123198727524838,1.0135787923973956,1.0143585611955628,1.0144408455019127,1.0136181710459151,1.011748995245451,1.0088487841737488,1.0052326553421171,1.0017302637805
0.425,1.0003523833727779,1.0008377791781033,1.0014786292226971,1.002294800775767,1.003300585307175,1.0045007827421195,1.0058858498088925,1.0074262200307087,1.0090661144238144,1.0107174893780475,1.0122552548071002,1.013515596744422,1.0143002235983083,1.014390710183505,1.0135789429148887,1.0117220980407198,1.0088337588018568,1.0052268645543758,1.001729372233291
0.43,1.0003484994041252,1.000829033946089,1.0014640571801963,1.0022735244370724,1.0032719101385488,1.0044643075253075,1.0058415857934255,1.0073747076141935,1.0090085206801302,1.0106556639350663,1.0121917162547793,1.0134534185040447,1.014242789552399,1.0143413202672513,1.0135402730829128,1.0116955658183135,1.0088189265366607,1.0052211432083034,1.0017284900447725
0.435,1.0003447022985177,1.0008204792219486,1.0014497941130198,1.002252686852679,1.0032438096000662,1.0044285419673016,1.0057981571003551,1.0073241371208674,1.008951946203567,1.0105948961612898,1.0121292269802642,1.0133922299197984,1.0141862349781978,1.0142926563732113,1.0135021474153856,1.0116693896074092,1.008804282797216,1.005215489738319,1.0017276170300458
0.44,1.0003409891504145,1.000812108743223,1.0014358300430897,1.0022322741077356,1.0032162658016057,1.0043934643878523,1.0057555386992922,1.0072744808800245,1.0088963616544109,1.0105351562423595,1.012067758038031,1.0133320042957656,1.0141305367004225,1.0142446998360837,1.0134645522885999,1.0116435607540808,1.008789823159777,1.0052099026301344,1.001726753009397
0.445,1.0003373571829495,1.0008039165211984,1.0014221554227438,1.002212272879582,1.0031892616040488,1.00435905400418,1.005713706581332,1.0072257123338602,1.0088417388555035,1.0104764155273152,1.0120072815943393,1.0132727159447215,1.0140756724045425,1.014197432671256,1.0134274745658676,1.0116180709067835,1.0087755433507763,1.0052043804185666,1.0017258978081192
0.45,1.0003338037408707,1.0007958968260393,1.001408761111607,1.0021926704062716,1.003162780579787,1.004325290884309,1.005672637706538,1.007177805980917,1.0087880507338596,1.0104186464708784,1.011947770872764,1.013214340139365,1.0140216205957258,1.0141508375428236,1.013390901575014,1.0115929120026426,1.0087614392401973,1.0051989216854633,1.0017250512563354
0.455,1.0003303262839374,1.0007880441728787,1.0013956383549418,1.0021734544570877,1.0031368069757172,1.0042921559033071,1.0056323099546647,1.0071307373229819,1.0087352712658155,1.0103618225791884,1.0118892001029607,1.0131568530664028,1.0139683605601746,1.01410489773344,1.0133548210871413,1.0115680762545132,1.0087475068352942,1.005193525057742,1.0017242131888329
0.46,1.000326922380746,1.000780353308806,1.001382778763378,1.0021546133049162,1.003111325678546,1.0042596307022287,1.0055927020788984,1.0070844828152012,1.0086833754254654,1.0103059183587686,1.0118315444724333,1.0131002317833067,1.0139158723286756,1.0140595971158697,1.013319221296572,1.0115435561387442,1.008733742274658,1.0051881892055206,1.0017233834449013
0.465,1.0003235897029497,1.0007728192006746,1.0013701742939078,1.002136135700332,1.0030863221822217,1.0042276976495603,1.005553793662388,1.0070390198191876,1.0086323391361605,1.0102509092684766,1.0117747800811088,1.013044454177549,1.0138641366422219,1.0140149201261444,1.0132840908019116,1.0115193443836068,1.00872014182259,1.005182912840349,1.0017225618681784
0.47000000000000003,1.00032032601984,1.0007654370236696,1.001357817232063,1.0021180108472818,1.0030617825573642,1.0041963398049978,1.0055155650773842,1.0069943265588948,1.0085821392248504,1.0101967716742517,1.0117188838985174,1.0129894989281603,1.0138131349195625,1.0139708517382013,1.0132494185881373,1.0114954339583482,1.008706701863776,1.005177694713526,1.0017217483065062
0.47500000000000003,1.0003171291932733,1.0007582021505919,1.0013457001751884,1.0021002283802452,1.003037693422526,1.0041655408853856,1.005477997446791,1.006950382079089,1.0085327533790733,1.010143482806464,1.0116638337234134,1.012935345469443,1.013762849226561,1.0139273774399196,1.01321519400966,1.0114718180628242,1.0086934188982375,1.0051725336145003,1.0017209426117875
0.48,1.000313997172905,1.0007511101417896,1.0013338160167278,1.0020827783427761,1.0030140419171785,1.0041352852326724,1.005441072607972,1.0069071662062279,1.0084841601064178,1.010091020719682,1.0116096081456611,1.0128819739567128,1.0137132622472362,1.0138844832104517,1.013181406774295,1.011448490117679,1.008680289536534,1.0051674283693552,1.001720144639843
0.485,1.000310927991718,1.0007441567357098,1.001322157931459,1.0020656511673183,1.0029908156762877,1.004105557783743,1.0054047730786597,1.0068646595115822,1.0084363386962942,1.0100393642547154,1.0115561865102538,1.0128293652339209,1.0136643572563822,1.0138421554987815,1.0131480469280807,1.0114254437550405,1.0086673104952244,1.0051623778393568,1.0017193542502867
0.49,1.0003079197618236,1.0007373378400108,1.0013107193616078,1.0020488376562122,1.002968002806381,1.0040763440419898,1.00536908202481,1.0068228432764554,1.0083892691838519,1.009988493002764,1.011503548883308,1.0127775008030457,1.0136161180936643,1.0138003812034209,1.0131151048408966,1.0114026728096925,1.0086544785925458,1.0051573809195842,1.0017185713063974
0.495,1.0003049706705114,1.0007306495232078,1.0012994940037747,1.0020323289638162,1.002945591862996,1.0040476300505312,1.0053339832302965,1.0067816994593648,1.008342932315912,1.0099383872715455,1.011451676019916,1.012726362795138,1.0135685291390995,1.0137591476531758,1.0130825711928244,1.0113801713106965,1.0086417907443075,1.0051524365376174,1.001717795674996
0.5,1.0003020789765353,1.0007240880068071,1.0012884757966332,1.0020161165796537,1.0029235718294218,1.0040194023669327,1.0052994610682993,1.0067412106650462,1.0082973095187764,1.0098890280532824,1.0114005493337406,1.0126759339429103,1.0135215752898261,1.0137184425889163,1.0130504369612185,1.011357933473444,1.0086292439599984,1.005147543652291,1.0017170272263314
0.505,1.0002992430066189,1.0007176496578989,1.0012776589093324,1.002000192312537,1.0029019320966523,1.0039916480393607,1.0052655004742947,1.006701360115168,1.0082523828677956,1.0098403969944045,1.011350150868233,1.0126261975547817,1.0134752419380992,1.013678254146293,1.0130186934084284,1.0113359536921016,1.0086168353390754,1.005142701252505,1.0017162658339676
0.51,1.0002964611521612,1.0007113309821813,1.0012670377305664,1.001984548275578,1.0028806624444573,1.0039643545840629,1.0052320869205273,1.0066621316206517,1.008208135058587,1.0097924763668893,1.0113004632693743,1.0125771374902812,1.0134295149504178,1.013638570839334,1.0129873320701472,1.0113142265324324,1.0086045620674395,1.0051379083560896,1.0017155113746758
0.515,1.0002937318661362,1.0007051286173778,1.0012566068582605,1.001969176872049,1.0028597530235124,1.0039375099640806,1.005199206391884,1.0066235095554794,1.0081645493797855,1.0097452490411125,1.0112514697598556,1.0125287381367272,1.0133843806477305,1.013599381544872,1.0129563447443384,1.0112927467249755,1.0085924214140753,1.0051331640087302,1.0017147637283272
0.52,1.000291053660166,1.0006990393270316,1.0012463610898357,1.0019540707820287,1.0028391943385135,1.0039111025691412,1.0051668453630676,1.0065854788319162,1.0081216096872538,1.0096986984601268,1.011203154114589,1.012480984387111,1.013339825786643,1.0135606754877642,1.012925723480714,1.0112715091585476,1.0085804107278564,1.0051284672829304,1.0017140227777992
0.525,1.0002884251017623,1.0006930599946455,1.001236295413022,1.0019392229497848,1.00281897723221,1.0038851211966195,1.0051349907769955,1.006548024877038,1.0080793003796347,1.0096528086152832,1.0111555006374917,1.012433861619102,1.0132958375415708,1.0135224422268303,1.0128954605707272,1.0112505088740724,1.0085685274344918,1.0051238172770312,1.0017132884088773
0.53,1.0002858448117204,1.0006871876181498,1.0012264049971662,1.0019246265718362,1.0027990928703068,1.0038595550335303,1.0051036300243443,1.0065111336105013,1.008037606375184,1.0096075640231048,1.0111084941394441,1.0123873556751124,1.0132524034877908,1.013484671641501,1.012865548538051,1.0112297410586926,1.0085567690336332,1.005119213114267,1.0017125605101593
0.535,1.000283311461659,1.0006814193046698,1.00121668518502,1.0019102750856765,1.002779532727165,1.0038343936394778,1.005072750924174,1.0064747914234617,1.0079965130897963,1.0095629497033398,1.0110621199173717,1.0123414528433634,1.0132095115853208,1.0134473539191071,1.0128359801295206,1.0112092010401676,1.0085451330960984,1.0051146539418765,1.0017118389729702
0.54,1.000280823771694,1.0006757522655845,1.001207131484972,1.0018961621590856,1.0027602885722762,1.0038096269304904,1.0050423417055518,1.0064389851585909,1.0079560064161548,1.009518951158132,1.0110163637343654,1.0122961398398873,1.0131671501635942,1.0134104795427883,1.012806748306502,1.011188884281534,1.0085336172612303,1.0051101389302317,1.0017111236912772
0.545,1.0002783805082422,1.0006701838118481,1.001197739563694,1.0018822816800173,1.0027413524574391,1.0037852451637128,1.0050123909901405,1.0064037020911067,1.0079160727039347,1.0094755543522278,1.0109712118007919,1.0122514037914077,1.013125307906876,1.0133740392799824,1.0127778462366734,1.0111687863760137,1.0085222192343775,1.0051056672720287,1.0017104145616043
0.55,1.0002759804819388,1.0006647113495641,1.0011885052391791,1.0018686277470228,1.0027227167045967,1.0037612389228778,1.0049828877756601,1.0063689299107712,1.007876698741004,1.0094327456941727,1.0109266507563366,1.0122072322190634,1.013083973840385,1.013338024171458,1.0127492672861889,1.0111489030421537,1.0085109367844856,1.005101238181497,1.001709711482955
0.555,1.00027362254567,1.0006593323757922,1.001179424474144,1.0018551946601575,1.0027043738943233,1.0037375991045245,1.0049538214201976,1.0063346567047877,1.0078378717355536,1.0093905120184308,1.010882667652916,1.0121636130229068,1.0130431373170752,1.0133024255208678,1.0127210050122095,1.0111292301192,1.0084997677417995,1.0050968508936486,1.0017090143567329
0.56,1.0002713055927108,1.0006540444745773,1.0011704933697756,1.0018419769123728,1.0026863168548783,1.003714316904917,1.0049251816273108,1.006300870941549,1.0077995792991146,1.0093488405683744,1.01083924993842,1.0121205344671513,1.0130027880050356,1.013267234884788,1.0126930531557732,1.011109763562665,1.0084887099956654,1.0050925046635626,1.0017083230866763
0.5650000000000001,1.0002690285549547,1.0006488453131857,1.001161708159802,1.0018289691813447,1.0026685386518288,1.0036913838076218,1.004896958431857,1.006267561455195,1.0077618094303966,1.0093077189801045,1.0107963854412298,1.012077985166109,1.0129629158754903,1.0132324440632183,1.0126654056350017,1.0110904994401042,1.0084777614924296,1.005088198765696,1.0017076375787792
0.5700000000000001,1.0002667904012428,1.0006437326385336,1.0011530652048655,1.0018161663217109,1.0026510325781923,1.0036687915716975,1.004869142186537,1.0062347174309139,1.0077245504999237,1.009267135267037,1.0107540623554687,1.0120359540707957,1.01292351119135,1.0131980450905178,1.0126380565385973,1.0110714339270854,1.0084669202334304,1.0050839324932228,1.0017069577412232
0.5750000000000001,1.0002645901357754,1.0006387042738007,1.0011445609871825,1.0018035633577076,1.0026337921450663,1.0036465322204793,1.0048417235490903,1.006202328390967,1.007687791235389,1.00922707780523,1.0107122692269555,1.0119944304561597,1.0128845644962925,1.013164030226753,1.0126110001196493,1.0110525633033198,1.0084561842730784,1.0050797051574019,1.001706283484319
0.58,1.0002624267966054,1.0006337581152138,1.0011361921054713,1.001791155476165,1.0026168110727225,1.0036245980308998,1.0048146934701159,1.0061703841813758,1.0076515207077217,1.0091875353193966,1.0106709949397996,1.011953403908894,1.0128460666043433,1.013130391949439,1.0125842307897042,1.011033883948983,1.0084455517170143,1.005075516086977,1.0017056147204353
0.585,1.0002602994542076,1.0006288921289959,1.001127955270132,1.0017789380198554,1.0026000832821422,1.003602981523338,1.0047880431814726,1.006138874959252,1.007615728317804,1.0091484968695776,1.010630228703632,1.011912864315813,1.0128080085899192,1.0130971229456471,1.012557743113105,1.0110153923411769,1.008435020720347,1.005071364627591,1.001704951363941
0.59,1.0002582072101234,1.0006241043484605,1.0011198472986673,1.0017669064811683,1.0025836028869572,1.003581675451954,1.0047617641852382,1.0061077911807181,1.0075804037838128,1.0091099518384228,1.0105899600414077,1.0118728018527492,1.012770381778331,1.0130642161044618,1.0125315318015728,1.0109970850505616,1.0084245894859722,1.0050672501412288,1.001704293331147
0.595,1.000256149195667,1.0006193928712597,1.0011118651113258,1.0017550564960824,1.0025673641857826,1.0035606727954824,1.0047358482431907,1.006077123589403,1.007545537129146,1.0090718899190683,1.0105501787777718,1.0118332069739586,1.0127331777367015,1.013031664509772,1.0125055917090278,1.010978958738116,1.0084142562629557,1.0050631720056884,1.0017036405402469
0.6,1.000254124570703,1.0006147558567564,1.0011040057269602,1.0017433838384417,1.0025513616549113,1.0035399667484688,1.0047102873667781,1.0060468632054613,1.0075111186709091,1.0090343011035534,1.0105108750279461,1.0117940704019932,1.012696388265284,1.0129994614333726,1.0124799178266255,1.0109610101520459,1.0084040193449786,1.0050591296140634,1.001702992911264
0.605,1.0002521325224767,1.000610191523534,1.0010962662590785,1.0017318844144993,1.0025355899413633,1.003519550712909,1.0046850738075621,1.00601700131511,1.0074771390089206,1.0089971756717744,1.010472039187115,1.0117553831180217,1.012660005389166,1.0129676003283747,1.0124545052780232,1.0109432361248152,1.0083938770688605,1.0050551223742532,1.0017023503659992
0.61,1.0002501722645079,1.0006056981470202,1.001088643912094,1.0017205542577168,1.0025200438562543,1.0034994182902832,1.004660200048097,1.0059875294606349,1.0074435890152222,1.0089605041809206,1.0104336619202825,1.011717136352578,1.0126240213503275,1.0129360748228826,1.0124293493148226,1.0109256335703138,1.0083838278131296,1.005051149708489,1.0017017128279773
0.615,1.0002482430355335,1.0006012740572263,1.0010811359777445,1.0017093895238138,1.0025047183684714,1.003479563273959,1.0046356587932261,1.0059584394308545,1.0074104598240545,1.0089242774553902,1.0103957341525742,1.01167932157671,1.0125884286000428,1.0129048787139552,1.0124044453122216,1.0109081994811222,1.0083738699966638,1.005047211052881,1.001701080222398
0.62,1.000246344098503,1.0005969176365954,1.0010737398316856,1.0016983864860487,1.0024896085986525,1.003459979641937,1.0046114429617805,1.0059297232520124,1.0073777428222823,1.0088884865771433,1.0103582470599628,1.0116419304935125,1.0125532197916125,1.0128740059618113,1.0123797887648425,1.010890930925905,1.0083640020773714,1.005043305856982,1.0017004524760915
0.625,1.0002444747396206,1.000592627317948,1.0010664529302393,1.0016875415307083,1.0024747098134323,1.0034406615499316,1.0045875456786402,1.0059013731790745,1.0073454296402435,1.0088531228764845,1.0103211920603963,1.0116049550300232,1.0125183877733932,1.0128434506842876,1.0123553752827268,1.010873825046908,1.0083542225509374,1.0050394335833635,1.001699829517469
0.63,1.0002426342674338,1.0005884015825315,1.0010592728073018,1.001676851152821,1.0024600174199507,1.0034216033247634,1.0045639602671605,1.00587338168741,1.0073135121429968,1.0088181779232395,1.0102845608053073,1.0115683873294612,1.0124839255821325,1.0128132071515168,1.0123312005875085,1.0108568790575487,1.0083445299496168,1.0050355937072184,1.001699211276482
0.635,1.0002408220119632,1.0005842389581487,1.0010521970713742,1.00166631195205,1.0024455269606114,1.003402799458041,1.0045406802419303,1.0058457414648436,1.0072819824219514,1.0087836435183144,1.0102483451714832,1.0115322197437941,1.0124498264365716,1.0127832697808339,1.012307260508723,1.0108400902401127,1.0083349228410634,1.0050317857159705,1.0016985976845731
0.64,1.0002390373238736,1.000580138017383,1.0010452234027531,1.0016559206287774,1.00243123410808,1.003384244600133,1.0045176993018448,1.0058184454040484,1.0072508327868555,1.0087495116856156,1.0102125372532822,1.0114964448266182,1.0124160837313174,1.0127536331318847,1.0122835509802892,1.0108234559435363,1.0083253998272281,1.0050280091088994,1.001697988674643
0.645,1.0002372795736834,1.0005760973758988,1.0010383495508308,1.0016456739803727,1.0024171346604942,1.0033659335543992,1.0044950113234865,1.0057914865952715,1.0072200557581334,1.008715774664312,1.0101771293551745,1.0114610553263323,1.0123826910309675,1.0127242919019368,1.0122600680371103,1.0108069735812777,1.0083159595432778,1.0050242633967859,1.001697384181003
0.65,1.0002355481510086,1.0005721156908205,1.001031573331526,1.0016355688976097,1.0024032245368941,1.0033478612716722,1.0044726103547923,1.0057648583193681,1.007189644059545,1.008682424901421,1.0101421139845959,1.0114260441795935,1.0123496420644729,1.0126952409213796,1.0122368078118218,1.010790640629273,1.0083066006565637,1.0050205481015602,1.0016967841393423
0.655,1.000233842463844,1.0005681916591842,1.0010248926248209,1.0016256023612593,1.0023894997728486,1.0033300228449877,1.0044504906089888,1.0057385540411348,1.007159590611154,1.0086494550447098,1.0101074838450934,1.011391404505041,1.0123169307197308,1.0126664751494008,1.0122137665316682,1.010774454623972,1.008297321865631,1.005016862755973,1.001696188486684
0.66,1.0002321619378727,1.0005643240164592,1.0010183053724138,1.0016157714388196,1.0023759565162724,1.003312413504531,1.0044286464587906,1.0057125674029255,1.0071298885225899,1.0086168579358843,1.0100732318297565,1.0113571295972708,1.0122845510383898,1.0126379896698388,1.0121909405154987,1.0107584131604457,1.0082881218992688,1.0050132069032736,1.0016955971613557
0.665,1.0002305060158114,1.0005605115351337,1.0010118095754754,1.0016060732813927,1.0023625910234228,1.003295028612806,1.0044070724308407,1.0056868922185285,1.0071005310865933,1.0085846266040628,1.0100393510149137,1.0113232129210643,1.0122524972108689,1.012609779687196,1.0121683261708792,1.0107425138905748,1.0082789995155856,1.0050095800968997,1.001695010102948
0.67,1.0002288741567795,1.0005567530233632,1.001005403292497,1.0015965051207,1.002349399655071,1.0032778636600064,1.0043857632003892,1.005661522467311,1.0070715117728257,1.0085527542595139,1.0100058346540837,1.0112896481058327,1.0122207635715668,1.0125818405228084,1.0121459199913196,1.0107267545212955,1.0082699535011295,1.0050059819001793,1.001694427252288
0.675,1.0002272658357008,1.0005530473236801,1.0009990846372359,1.0015870642662192,1.0023363788728308,1.0032609142595834,1.0043647135861862,1.005636452288593,1.007042824221931,1.0085212342876448,1.0099726761721686,1.0112564289402939,1.0121893445942671,1.0125541676111642,1.0121237185536036,1.0107111328129241,1.0082609826700344,1.005002411886049,1.0016938485514022
0.68,1.0002256805427268,1.0005493933117524,1.0009928517767488,1.0015777481024448,1.002323525235648,1.003244176143998,1.004343918545597,1.0056116759762583,1.007014462239841,1.0084900602432445,1.0099398691598833,1.0112235493673556,1.012158234887716,1.0125267564963656,1.0121017185152237,1.0106956465775334,1.0082520858632023,1.0049988696367702,1.0016932739434825
0.685,1.0002241177826894,1.0005457898952066,1.000986702929508,1.0015685540862667,1.0023108353964292,1.0032276451606483,1.004323373169907,1.0055871879735836,1.006986419792308,1.008459225844938,1.009907407368395,1.0111910034791962,1.012127429191372,1.0124996028287225,1.0120799166119077,1.0106802936774,1.0082432619475141,1.0049953547436643,1.00169270337286
0.6900000000000001,1.000222577074574,1.0005422360124898,1.0009806363635982,1.0015594797444576,1.002298306098822,1.003211317267968,1.004303072679828,1.0055629828682795,1.0069586909996602,1.0084287249698807,1.0098752847041852,1.0111587855125366,1.0120969223713243,1.0124727023614817,1.0120583096552471,1.0106650720234989,1.008234509815064,1.0049918668068545,1.001692136784975
0.6950000000000001,1.0002210579510162,1.0005387306317868,1.0009746503949866,1.0015505226712644,1.0022859341741162,1.0031951885316785,1.0042830124211788,1.0055390553877233,1.0069312701317603,1.0083985516486382,1.0098434952241042,1.0111268898441037,1.012066709416361,1.0124460509476714,1.012036894530402,1.0106499795740596,1.0082258283824317,1.0049884054350213,1.001691574126344
0.7000000000000001,1.0002195599578192,1.000535272749982,1.0009687433858707,1.001541680526101,1.0022737165382776,1.0031792551212004,1.0042631878607422,1.0055154003943905,1.0069041516031672,1.0083687000602934,1.0098120331306184,1.0110953109862537,1.012036785434187,1.0124196445370668,1.012015668193903,1.0106350143331766,1.0082172165899717,1.0049849702451572,1.0016910153445384
0.705,1.0002180826534939,1.000531861391662,1.000962913743086,1.0015329510313276,1.0022616501891064,1.0031635133062062,1.0042435945822923,1.005492012881461,1.006877329968486,1.0083391645277202,1.0097808927672423,1.0110640435827702,1.0120071456477895,1.0123934791732803,1.011994627671524,1.0106201743494627,1.008208673401132,1.0049815608623383,1.0016904603881505
0.71,1.0002166256088152,1.0005284956081604,1.0009571599165894,1.001524331970139,1.0022497322035013,1.0031479594533048,1.0042242282827714,1.0054688879686018,1.0068507999179004,1.0083099395130513,1.0097500686141436,1.0110330824048221,1.0119777853919336,1.0123675509909364,1.01197377005624,1.0106054577147545,1.0082001978017947,1.0049781769194994,1.001689909206772
0.715,1.000215188406398,1.0005251744766457,1.0009514803979953,1.001515821184516,1.0022379597348412,1.0031325900228738,1.0042050847686208,1.005446020897909,1.006824556272873,1.0082810196133185,1.0097195552839129,1.0110024223470682,1.0119487001097907,1.0123418562129707,1.0119530925062525,1.0105908625628715,1.0081917887996432,1.0049748180572176,1.0016893617509688
0.72,1.000213770640291,1.0005218970992416,1.0009458737191774,1.0015074165732758,1.002226330010465,1.0031174015659974,1.0041861599522597,1.0054234070300154,1.0067985939820174,1.008252399556253,1.0096893475174948,1.0109720584239077,1.0119198853496867,1.0123163911480149,1.0119325922430928,1.010576387068407,1.0081834454235472,1.0049714839235058,1.0016888179722543
0.725,1.0002123719155875,1.0005186626021831,1.0009403384509203,1.0014991160901907,1.0022148403292581,1.003102390721542,1.004167449848692,1.0054010418403376,1.006772908117123,1.0082240741962554,1.0096594401802725,1.0109419857658755,1.0118913367619773,1.012291152187886,1.011912266549785,1.010562029445566,1.008175166722974,1.004968174173608,1.0016882778230665
0.73,1.0002109918480508,1.0005154701350125,1.0009348732016372,1.0014909177421887,1.0022034880593265,1.0030875542133308,1.0041489505722532,1.0053789209154784,1.0067474938693308,1.0081960385105007,1.009629828258296,1.0109121996161616,1.0118630500960306,1.0122661358051535,1.0118921127690812,1.010547787947047,1.0081669517674137,1.0049648884698061,1.0016877412567466
0.735,1.0002096300637557,1.0005123188698013,1.000929476616122,1.0014828195876173,1.0021922706357682,1.0030728888474385,1.0041306583334717,1.0053570399497518,1.0067223465454587,1.008168287595206,1.009600506854644,1.0108826953272596,1.011835021197322,1.0122413385508056,1.011872128301757,1.0105336608629638,1.0081587996458297,1.0049616264812327,1.0016872082275117
0.74,1.000208286198743,1.0005092080004059,1.0009241473743633,1.0014748197345815,1.0021811855585236,1.0030583915095859,1.0041125694360638,1.005335394741854,1.006697461564452,1.008140816662021,1.0095714711859338,1.010853468357745,1.0118072460046266,1.0122167570519918,1.011852310604962,1.0105196465197965,1.0081507094661266,1.0049583878836854,1.0016866786904388
0.745,1.00020695989869,1.000506136741751,1.0009188841904022,1.0014669163393437,1.002170230390321,1.0030440591626315,1.0040946802740252,1.0053139811916458,1.0066728344539764,1.0081136210345627,1.009542716578939,1.010824514269157,1.0117797205473231,1.0121923880098478,1.0118326571906395,1.0105057432793825,1.0081426803546312,1.0049551723594543,1.0016861526014433
0.75,1.000205650818593,1.0005031043291446,1.0009136858112269,1.001459107604785,1.0021594027546814,1.0030298888441638,1.0040769873288469,1.0052927952970654,1.0066484608471322,1.0080866961450674,1.0095142384673461,1.010795828722998,1.0117524409427832,1.0121682281973896,1.0118131656239846,1.0104919495379487,1.0081347114555985,1.0049519795971469,1.001685629917254
0.755,1.000204358622462,1.0005001100176159,1.0009085510157245,1.001451391778926,1.002148700334021,1.0030158776641782,1.0040594871668251,1.0052718331511465,1.0066243364792944,1.0080600375311723,1.0094860323886166,1.0107674074778425,1.0117254033938567,1.0121442744574929,1.0117938335219672,1.0104782637251661,1.0081268019307326,1.0049488092915282,1.0016851105953977
0.76,1.0002030829830264,1.0004971530812816,1.0009034786136586,1.0014437671535044,1.002138120867805,1.0030020228028462,1.0040421764364749,1.0052510909391528,1.0066004571850544,1.0080336408328086,1.009458093980966,1.0107392463865417,1.0116986041864438,1.0121205237009319,1.0117746585519038,1.0104646843032403,1.0081189509587125,1.00494566114336,1.0016845945941772
0.765,1.0002018235814547,1.0004942328127342,1.0008984674446944,1.0014362320626056,1.0021276621507902,1.0029883215083608,1.0040250518660396,1.005230564935813,1.0065768188952868,1.0080075017892005,1.00943041898045,1.0107113413935294,1.011672039687155,1.012096972904487,1.011755638430072,1.0104512097660348,1.0081111577347468,1.0049425348592416,1.0016840818726584
0.77,1.000200580107083,1.0004913485224556,1.0008935163774584,1.001428784881347,1.002117322031315,1.0029747710948715,1.0040081102610896,1.0052102515026569,1.006553417634314,1.0079816162359847,1.0094030032181511,1.0106836885322252,1.0116457063410411,1.012073619109126,1.0117367709203786,1.01043783863822,1.0081034214701465,1.0049394301514645,1.001683572390644
0.775,1.000199352257155,1.0004884995382526,1.0008886243086348,1.0014214240246075,1.0021070984096658,1.0029613689404835,1.0039913485022083,1.005190147085447,1.0065302495171724,1.007955980102419,1.0093758426174657,1.0106562839225222,1.0116196006694185,1.0120504594182347,1.011718053833068,1.0104245694744522,1.0080957413918905,1.0049363467378707,1.0016830661086598
0.78,1.0001981397365696,1.0004856852047133,1.000883790162092,1.0014141479458063,1.0020969892364961,1.0029481124853412,1.003974763542764,1.0051702482117069,1.0065073107469773,1.007930589408696,1.0093489331914791,1.0106291237683598,1.0115937192677484,1.0120274909959093,1.0116994850234722,1.0104114008585803,1.0080881167422269,1.0049332843417031,1.0016825629879367
0.785,1.0001969422576429,1.0004829048826842,1.0008790128880456,1.0014069551357285,1.0020869925113072,1.0029349992297698,1.0039583524067563,1.0051505514883283,1.0064845976123806,1.0079054402633436,1.0093222710404448,1.010602204355388,1.011568058803606,1.012004711065317,1.0116810623908097,1.010398331402871,1.0080805467782752,1.004930242691479,1.0016820629903989
0.79,1.0001957595398734,1.0004801579487654,1.0008742914622513,1.0013998441213916,1.0020771062809806,1.002922026732492,1.0039421121867511,1.0051310535992677,1.006462106485114,1.007880528860724,1.0092958523493378,1.0105755220487034,1.011542616014703,1.0119821169070982,1.0116627838770145,1.0103853597472727,1.0080730307716426,1.0049272215208505,1.0016815660786433
0.795,1.0001945913097192,1.000477443794829,1.0008696248852267,1.0013928134649521,1.0020673286383701,1.0029091926089069,1.003926040041871,1.0051117513033299,1.006439833817624,1.0078558514786153,1.009269673385493,1.0105490732906615,1.0115173877069885,1.0119597058578265,1.0116446474656073,1.0103724845586934,1.008065568008059,1.0049242205684834,1.001681072215924
0.8,1.000193437300385,1.0004747618275478,1.0008650121815017,1.0013858617626545,1.0020576577209326,1.0028964945294283,1.0039101331958735,1.005092641432015,1.0064177761407802,1.0078314044758736,1.0092437304963293,1.010522854598768,1.0114923707528045,1.0119374753085169,1.0116266511806078,1.0103597045303019,1.008058157787014,1.0049212395779301,1.001680581366139
0.805,1.000192297251611,1.0004721114679498,1.0008604523988975,1.0013789876438155,1.0020480917094219,1.002883930217881,1.0038943889352838,1.005073720887456,1.0063959300616725,1.007807184290176,1.009218020107148,1.0104968625636384,1.0114675620891025,1.0119154227031923,1.0116087930854738,1.0103470183808512,1.008050799421416,1.0049182782975072,1.001680093493811
0.81,1.0001911709094782,1.0004694921509794,1.0008559446078276,1.0013721897698515,1.0020386288266194,1.0028714974499549,1.0038788046076055,1.00505498664041,1.0063742922614745,1.0077831874358407,1.0091925387189995,1.01047109384702,1.011442958715728,1.011893545537481,1.0115910712820797,1.0103344248540322,1.0080434922372463,1.0049153364801853,1.0016796085640807
0.8150000000000001,1.0001900580262122,1.0004669033250861,1.0008514879006292,1.0013654668333236,1.0020292673361086,1.0028591940517178,1.0038633776195756,1.0050364357283357,1.0063528594933824,1.0077594105017216,1.0091672829066314,1.0104455451798868,1.0114185576937456,1.0118718413572694,1.0115734839097255,1.0103219227178322,1.0080362355732426,1.0049124138834706,1.0016791265426854
0.8200000000000001,1.000188958359999,1.0004643444518153,1.000847081390916,1.0013588175570391,1.0020200055411013,1.0028470178981665,1.0038481054354984,1.0050180652535246,1.006331628580625,1.0077358501491698,1.0091422493164954,1.0104202133605875,1.0113943561438343,1.0118503077573995,1.0115560291441776,1.0103095107639306,1.0080290287805782,1.0049095102693009,1.0016786473959514
0.8250000000000001,1.000187871674808,1.0004618150054239,1.00084272421295,1.0013522406931685,1.0020108417832936,1.0028349669118444,1.0038329855756227,1.0049998723812994,1.006310596414544,1.007712503110065,1.0091174346648208,1.0103950952530694,1.0113703512447214,1.0118289423803977,1.0115387051967422,1.0102971878070965,1.0080218712225568,1.004906625403932,1.0016781710907763
0.8300000000000001,1.000186797740218,1.0004593144725038,1.000838415521045,1.001345735022393,1.0020017744417709,1.0028230390614932,1.0038180156145828,1.0049818543382723,1.0062897599527232,1.0076893661849133,1.0090928357357574,1.0103701877851388,1.0113465402316744,1.0118077429152605,1.0115215103133628,1.0102849526846192,1.008014762274318,1.0049037590578431,1.0016776975946209
0.835,1.0001857363312512,1.0004568423516214,1.0008341544889787,1.001339299353098,1.0019928019319435,1.002811232360758,1.00380319317988,1.0049640084106624,1.0062691162171984,1.0076664362410002,1.00906844937957,1.0103454879467944,1.0113229203950405,1.0117867070962538,1.0115044427737507,1.0102728042557472,1.0080077013225428,1.0049009110056268,1.0016772268754888
0.84,1.0001846872282143,1.0004543981529683,1.0008299403094383,1.0013329325205724,1.0019839227045257,1.0027995448669325,1.003788515950431,1.00494633194267,1.006248662292717,1.0076437102106164,1.0090442725109026,1.010320992788605,1.0112994890788252,1.0117658327017798,1.0114875008905335,1.010260741401148,1.0080006877651844,1.0048980810259034,1.0016767589019249
0.845,1.000183650216542,1.0004519813980248,1.000825772193473,1.0013266333862492,1.001975135244541,1.0027879746797483,1.0037739816551543,1.004928822334898,1.0062283953250517,1.0076211850893284,1.0090203021070805,1.0102966994201463,1.011276243679323,1.0117451175532497,1.0114706830084492,1.0102487630223818,1.0079937210111867,1.0048952689012198,1.0016762936429953
0.85,1.0001826250866497,1.0004495916192346,1.000821649369973,1.0013204008369705,1.001966438070367,1.0027765199402052,1.0037595880716061,1.0049114770428362,1.0062083125193748,1.0075988579343118,1.0089965352064878,1.010272605008474,1.0112531816437929,1.0117245595140154,1.0114539875035378,1.0102368680413958,1.0079868004802306,1.0048924744179561,1.0016758310682783
0.855,1.0001816116337883,1.000447228359691,1.0008175710851657,1.001314233784274,1.0019578297328111,1.0027651788294394,1.0037453330246606,1.0048942935753875,1.0061884111386854,1.00757672586274,1.0089729689069793,1.0102487067766621,1.011230300469163,1.0117041564883171,1.0114374127823822,1.0102250554000287,1.0079799256024677,1.004889697366242,1.0016753711478585
0.86,1.0001806096579058,1.0004448911728356,1.0008135366021256,1.0013081311637027,1.0019493088142184,1.0027539495676268,1.0037312143852335,1.0048772694934405,1.0061686885022794,1.007554786050213,1.0089496003643519,1.010225002002369,1.0112075977007893,1.011683906420272,1.0114209572813542,1.0102133240595357,1.0079730958182844,1.0048869375398695,1.001674913852302
0.865,1.0001796189635122,1.000442579622163,1.0008095452003025,1.0013020919341453,1.0019408739276017,1.0027428304129256,1.003717230069049,1.0048604024084922,1.0061491419842803,1.0075330357292516,1.00892642679086,1.0102014880164651,1.0111850709312418,1.0116638072928936,1.0114046194658948,1.0102016730001113,1.0079663105780579,1.0048841947362042,1.001674459152663
0.87,1.0001786393595509,1.0004402932809389,1.0008055961750695,1.0012961150771877,1.0019325237158128,1.002731819660456,1.0037033780354447,1.00484368998132,1.006129769012204,1.007511472187824,1.0089034454537784,1.0101781622016879,1.0111627177991351,1.0116438571271351,1.0113883978298128,1.010190101220453,1.007959569341917,1.004881468756111,1.0016740070204622
0.875,1.0001776706592735,1.0004380317319286,1.0008016888372748,1.001290199596494,1.001924256850728,1.0027209156413048,1.003689656286215,1.0048271299206812,1.0061105670655808,1.0074900927679322,1.0088806536740091,1.0101550219913515,1.0111405359879884,1.0116240539809647,1.0113722908945988,1.0101786077373194,1.0079528715795225,1.0048787594038668,1.0016735574276807
0.88,1.000176712680118,1.0004357945671303,1.000797822512824,1.0012843445172068,1.001916072032471,1.0027101167215686,1.0036760628644923,1.0048107199820682,1.0060915336746103,1.0074688948642319,1.0088580488247336,1.010132064868083,1.0111185232251267,1.01160439594847,1.0113562972087662,1.0101671915850994,1.0079462167698428,1.0048760664870928,1.0016731103467515
0.885,1.0001757652435912,1.0004335813875216,1.0007939965422636,1.0012785488853624,1.0019079679886556,1.0026994213014304,1.0036625958536667,1.0047944579664951,1.0060726664188688,1.007447875922699,1.0088356283301043,1.010109288362607,1.0110966772806076,1.0115848811589905,1.0113404153472052,1.0101558518154061,1.0079396044009408,1.0048733898166702,1.0016726657505464
0.89,1.0001748281751572,1.0004313918028114,1.0007902102803816,1.0012728117673297,1.0018999434736482,1.0026888278142532,1.0036492533763284,1.004778341719324,1.0060539629260448,1.0074270334393391,1.0088133896639717,1.0100866900525605,1.0110749959661856,1.0115655077762646,1.0113246439105694,1.0101445874966692,1.007933033969767,1.0048707292066759,1.0016722236123679
0.895,1.0001739013041282,1.0004292254312024,1.0007864630958274,1.001267132249269,1.0018919972678666,1.0026783347257164,1.003636033593265,1.0047623691291316,1.0060354208707238,1.0074063649589322,1.0087913303486615,1.01006426756135,1.0110534771343067,1.0115462739976202,1.0113089815246574,1.0101333977137568,1.007926504981956,1.004868084474303,1.0016717839059415
0.9,1.0001729844635574,1.0004270818991594,1.0007827543707333,1.0012615094365982,1.001884128177089,1.0026679405329717,1.0036229347024628,1.004746538126605,1.0060170379732076,1.00738586807382,1.0087694479537725,1.0100420185570333,1.0110321186771285,1.0115271780531707,1.0112934268398341,1.0101222815675865,1.0079200169516311,1.0048654554398015,1.0016713466054066
0.905,1.000172077490137,1.000424960841186,1.000779083500356,1.0012559424534886,1.0018763350317916,1.0026576437638317,1.0036099549381656,1.0047308466834766,1.0059988119983643,1.007365540422726,1.00874774009503,1.0100199407512451,1.0110109185255722,1.011508218205044,1.0112779785304575,1.0101112381747617,1.0079135694012138,1.0048628419264032,1.0016709116853078
0.91,1.000171180224101,1.0004228618996067,1.0007754498927288,1.0012504304423702,1.0018686166865056,1.0026474429759724,1.0035970925699425,1.0047152928114877,1.0059807407545254,1.0073453796896148,1.008726204433154,1.0099980318981447,1.0109898746484063,1.011489392746639,1.0112626352943233,1.0101002666672148,1.0079071618612345,1.0048602437602618,1.0016704791205848
0.915,1.000170292509127,1.0004207847243638,1.0007718529683205,1.0012449725634518,1.0018609720191891,1.0026373367561743,1.0035843459017961,1.0046998745613847,1.0059628220923986,1.0073253836025842,1.0087048386727748,1.0099762897934004,1.010968985051347,1.011470700001883,1.0112473958521224,1.0100893661918593,1.007900793870158,1.0048576607703876,1.001670048886568
0.92,1.0001694141922455,1.0004187289728055,1.0007682921597105,1.001239567994259,1.0018533999306325,1.002627323719578,1.0035717132712918,1.004684590021951,1.0059450539040313,1.0073055499327856,1.0086836405613728,1.0099547122732027,1.0109482477761933,1.0114521383245356,1.0112322589469271,1.010078535910253,1.0078944649742052,1.0048550927885824,1.0016696209589673
0.925,1.00016854512375,1.0004166943094988,1.000764766911269,1.0012342159291843,1.001845899343864,1.0026174025089627,1.0035591930487209,1.0046694373190586,1.0059274341217928,1.0072858764933847,1.0086626078882563,1.0099332972133062,1.010927660899982,1.0114337060974965,1.0112172233436716,1.0100677749982707,1.0078881747271797,1.0048525396493877,1.0016691953138637
0.93,1.00016768515711,1.0004146804060339,1.0007612766788532,1.0012289155790546,1.0018384692035878,1.0026075717940528,1.0035467836362788,1.004654414614757,1.0059099607173936,1.007266361138549,1.0086417384835626,1.009912042528096,1.0109072225341718,1.0114154017321382,1.0112022878286617,1.0100570826457818,1.0078819226903093,1.0048500011900177,1.0016687719277093
0.935,1.0001668341488865,1.0004126869408412,1.0007578209295092,1.0012236661707106,1.0018311084756357,1.0025978302708436,1.0035344834672772,1.0046395201063847,1.0058926317009294,1.0072470017624626,1.008621030217287,1.0098909461696859,1.0108869308238437,1.0113972236676532,1.011187451209098,1.0100464580563446,1.0078757084320726,1.0048474772503055,1.0016683507773068
0.9400000000000001,1.0001659919586512,1.000410713599017,1.0007543991411803,1.0012184669465933,1.0018238161464281,1.0025881766609375,1.0035222910053756,1.0046247520257054,1.005875445119956,1.007227796298371,1.00860048099835,1.0098700061270374,1.0108667839469332,1.0113791703704256,1.0111727123125973,1.0100359004468988,1.007869531528054,1.004844967672653,1.0016679318398154
0.9450000000000001,1.0001651584489086,1.0004087600721454,1.0007510108024313,1.0012133171643545,1.0018165912224644,1.0025786097109193,1.003510204743834,1.0046101086380772,1.0058583990585885,1.007208742717659,1.0085800887736807,1.0098492204251088,1.0108467801134702,1.011361240333415,1.0111580699867542,1.0100254090474776,1.0078633915607793,1.0048424723019678,1.0016675150927374
0.9500000000000001,1.0001643334850174,1.0004068260581365,1.0007476554121788,1.0012082160964706,1.0018094327298175,1.0025691281917306,1.0034982232047922,1.004595588241638,1.0058414916366303,1.0071898390289438,1.00855985152733,1.0098285871240236,1.0108269175648579,1.0113434320755623,1.011143523098678,1.0100149831009189,1.0078572881195762,1.0048399909856167,1.001667100513911
0.9550000000000001,1.0001635169351184,1.0004049112610582,1.0007443324794225,1.0012031630298701,1.0018023397136502,1.0025597308980767,1.00348634493857,1.0045811891665177,1.0058247210087266,1.0071710832772085,1.008539767279614,1.009808104318266,1.010807194573157,1.0113257441412054,1.0111290705345826,1.0100046218625889,1.0078512208004273,1.0048375235733733,1.0016666880815037
0.96,1.0001627086700642,1.0004030153909866,1.000741041522998,1.0011981572655728,1.0017953112377407,1.0025504166478463,1.0034745685229818,1.0045669097740773,1.0058080853635376,1.0071524735429456,1.008519834086269,1.0097877701358966,1.0107876094403967,1.0113081750995196,1.011114711199348,1.0099943246001075,1.0078451892058238,1.0048350699173678,1.0016662777740097
0.965,1.000161908563345,1.000401138163847,1.000737782071326,1.0011931981183415,1.0017883463840311,1.0025411842815442,1.0034628925626792,1.0045527484561625,1.0057915829229418,1.0071340079413378,1.0085000500376462,1.0097675827377914,1.0107681604979044,1.0112907235439632,1.0111004440161366,1.0099840905930935,1.0078391929446306,1.0048326298720358,1.0016658695702378
0.97,1.000161116491027,1.0003992793012688,1.0007345536621732,1.0011882849163412,1.0017814442521735,1.0025320326617448,1.0034513156885092,1.0045387036343842,1.005775211941257,1.0071156846214526,1.0084804132579164,1.0097475403169005,1.0107488461056495,1.011273388091744,1.011086267925974,1.009973919132896,1.0078332316319547,1.004830203294075,1.001665463449311
0.975,1.0001603323316817,1.000397438530445,1.0007313558424225,1.0011834170008096,1.0017746039591104,1.0025229606725667,1.0034398365568873,1.004524773759419,1.0057589707044887,1.0070975017654635,1.008460921904303,1.0097276410975273,1.0107296646516135,1.0112561673833083,1.0110721818873736,1.009963809522356,1.0078273048890158,1.004827790042399,1.0016650593906573
0.98,1.0001595559663283,1.0003956155839888,1.0007281881678427,1.0011785937257371,1.0017678246386508,1.002513967219151,1.0034284538491969,1.0045109573103277,1.0057428575295964,1.0070794575878952,1.0084415741663333,1.0097078833346285,1.0107106145511664,1.0112390600818193,1.0110581848759668,1.0099537610755562,1.0078214123430096,1.0048253899780888,1.0016646573740038
0.985,1.0001587872783673,1.0003938101998018,1.0007250502028784,1.001173814457559,1.0017611054410627,1.0025050512271645,1.0034171662711977,1.0044972527938958,1.0057268707637743,1.0070615503348839,1.0084223682651128,1.0096882653131365,1.010691694246469,1.0112220648726764,1.0110442758841214,1.0099437731175873,1.0078155536269975,1.0048230029643477,1.0016642573793726
0.99,1.000158026153523,1.0003920221209426,1.0007219415204274,1.0011690785748506,1.0017544455326803,1.0024962116423095,1.003405972552457,1.004483658743988,1.0057110087837697,1.0070437782834618,1.0084033024526187,1.0096687853472888,1.0106729022058858,1.011205180463033,1.0110304539206014,1.0099338449843192,1.0078097283797747,1.004820628866471,1.001663859387072
0.995,1.0001572724797876,1.0003902510954998,1.00071886170164,1.0011643854680374,1.0017478440955259,1.0024874474298564,1.0033948714457936,1.004470173720926,1.0056952699951998,1.007026139740864,1.0083843750110117,1.0096494417799904,1.0106542369234177,1.0111884055813267,1.011016718010209,1.0099239760221677,1.0078039362457614,1.0048182675517863,1.001663463377695
1.0,1.0001565261473617,1.0003884968764674,1.0007158103357268,1.0011597345391106,1.0017413003269309,1.0024787575741803,1.0033838617267368,1.004456796310883,1.0056796528319003,1.007008633043847,1.0083655842519674,1.0096302329821827,1.0106356969181463,1.0111717389768302,1.011003067193452,1.009914165587887,1.0077981768748763,1.004815918889626,1.001663069332112
